charge,coordinate,casno,state,config
0,1,22,1,1
0,1,33,1,1
0,2,33,1,1
0,1,204,1,1
0,2,204,1,1
0,3,204,1,1
0,4,204,1,1
0,5,204,1,1
0,1,50000,1,1
0,2,50000,1,1
0,3,50000,1,1
0,4,50000,1,1
0,1,56235,1,1
0,2,56235,1,1
0,1,56406,1,1
0,2,56406,1,1
0,3,56406,1,1
0,4,56406,1,1
0,5,56406,1,1
0,6,56406,1,1
0,7,56406,1,1
0,8,56406,1,1
0,9,56406,1,1
0,10,56406,1,1
0,11,56406,1,1
0,12,56406,1,1
0,13,56406,1,1
0,14,56406,1,1
0,1,56417,1,1
0,2,56417,1,1
0,3,56417,1,1
0,4,56417,1,1
0,5,56417,1,1
0,6,56417,1,1
0,7,56417,1,1
0,8,56417,1,1
0,9,56417,1,1
0,1,57136,1,1
0,2,57136,1,1
0,3,57136,1,1
0,4,57136,1,1
0,5,57136,1,1
0,6,57136,1,1
0,7,57136,1,1
0,8,57136,1,1
0,9,57136,1,1
0,10,57136,1,1
0,11,57136,1,1
0,12,57136,1,1
0,1,57556,1,1
0,2,57556,1,1
0,3,57556,1,1
0,4,57556,1,1
0,5,57556,1,1
0,6,57556,1,1
0,7,57556,1,1
0,8,57556,1,1
0,9,57556,1,1
0,10,57556,1,1
0,11,57556,1,1
0,12,57556,1,1
0,13,57556,1,1
0,1,60297,1,1
0,2,60297,1,1
0,3,60297,1,1
0,4,60297,1,1
0,5,60297,1,1
0,6,60297,1,1
0,7,60297,1,1
0,8,60297,1,1
0,9,60297,1,1
0,10,60297,1,1
0,11,60297,1,1
0,12,60297,1,1
0,13,60297,1,1
0,14,60297,1,1
0,15,60297,1,1
0,16,60297,1,1
0,17,60297,1,1
0,1,60355,1,1
0,2,60355,1,1
0,3,60355,1,1
0,4,60355,1,1
0,5,60355,1,1
0,6,60355,1,1
0,7,60355,1,1
0,8,60355,1,1
0,9,60355,1,1
0,1,62533,1,1
0,2,62533,1,1
0,3,62533,1,1
0,4,62533,1,1
0,5,62533,1,1
0,1,64175,1,1
0,2,64175,1,1
0,3,64175,1,1
0,4,64175,1,1
0,5,64175,1,1
0,6,64175,1,1
0,7,64175,1,1
0,8,64175,1,1
0,1,64186,1,1
0,2,64186,1,1
0,3,64186,1,1
0,4,64186,1,1
0,5,64186,1,1
0,6,64186,1,1
0,7,64186,1,1
0,1,64197,1,1
0,2,64197,1,1
0,3,64197,1,1
0,4,64197,1,1
0,5,64197,1,1
0,6,64197,1,1
0,7,64197,1,1
0,1,66228,1,1
0,2,66228,1,1
0,3,66228,1,1
0,4,66228,1,1
0,5,66228,1,1
0,6,66228,1,1
0,7,66228,1,1
0,8,66228,1,1
0,9,66228,1,1
0,10,66228,1,1
0,11,66228,1,1
0,12,66228,1,1
0,13,66228,1,1
0,14,66228,1,1
0,15,66228,1,1
0,16,66228,1,1
0,17,66228,1,1
0,1,67561,1,1
0,2,67561,1,1
0,3,67561,1,1
0,4,67561,1,1
0,5,67561,1,1
0,6,67561,1,1
0,1,67641,1,1
0,2,67641,1,1
0,3,67641,1,1
0,4,67641,1,1
0,5,67641,1,1
0,6,67641,1,1
0,1,67663,1,1
0,2,67663,1,1
0,3,67663,1,1
0,4,67663,1,1
0,1,67685,1,1
0,2,67685,1,1
0,3,67685,1,1
0,4,67685,1,1
0,5,67685,1,1
0,6,67685,1,1
0,7,67685,1,1
0,8,67685,1,1
0,9,67685,1,1
0,10,67685,1,1
0,11,67685,1,1
0,12,67685,1,1
0,13,67685,1,1
0,1,67710,1,1
0,2,67710,1,1
0,3,67710,1,1
0,4,67710,1,1
0,5,67710,1,1
0,6,67710,1,1
0,7,67710,1,1
0,1,68122,1,1
0,2,68122,1,1
0,3,68122,1,1
0,4,68122,1,1
0,5,68122,1,1
0,6,68122,1,1
0,7,68122,1,1
0,8,68122,1,1
0,9,68122,1,1
0,10,68122,1,1
0,11,68122,1,1
0,12,68122,1,1
0,1,71432,1,1
0,2,71432,1,1
0,3,71432,1,1
0,4,71432,1,1
0,1,71556,1,1
0,2,71556,1,1
0,3,71556,1,1
0,4,71556,1,1
0,5,71556,1,1
0,6,71556,1,1
0,7,71556,1,1
0,1,74828,1,1
0,2,74828,1,1
0,1,74839,1,1
0,2,74839,1,1
0,3,74839,1,1
0,4,74839,1,1
0,1,74840,1,1
0,2,74840,1,1
0,3,74840,1,1
0,4,74840,1,1
0,1,74851,1,1
0,2,74851,1,1
0,3,74851,1,1
0,4,74851,1,1
0,1,74862,1,1
0,2,74862,1,1
0,3,74862,1,1
0,1,74873,1,1
0,2,74873,1,1
0,3,74873,1,1
0,4,74873,1,1
0,1,74884,1,1
0,2,74884,1,1
0,3,74884,1,1
0,4,74884,1,1
0,1,74895,1,1
0,2,74895,1,1
0,3,74895,1,1
0,4,74895,1,1
0,5,74895,1,1
0,6,74895,1,1
0,1,74908,1,1
0,2,74908,1,1
0,3,74908,1,1
0,1,74931,1,1
0,2,74931,1,1
0,3,74931,1,1
0,4,74931,1,1
0,5,74931,1,1
0,1,74953,1,1
0,2,74953,1,1
0,3,74953,1,1
0,4,74953,1,1
0,5,74953,1,1
0,1,74964,1,1
0,2,74964,1,1
0,3,74964,1,1
0,4,74964,1,1
0,5,74964,1,1
0,6,74964,1,1
0,7,74964,1,1
0,8,74964,1,1
0,9,74964,1,1
0,10,74964,1,1
0,1,74986,1,1
0,2,74986,1,1
0,3,74986,1,1
0,4,74986,1,1
0,5,74986,1,1
0,6,74986,1,1
0,7,74986,1,1
0,8,74986,1,1
0,9,74986,1,1
0,10,74986,1,1
0,11,74986,1,1
0,1,74997,1,1
0,2,74997,1,1
0,3,74997,1,1
0,4,74997,1,1
0,5,74997,1,1
0,6,74997,1,1
0,1,75003,1,1
0,2,75003,1,1
0,3,75003,1,1
0,4,75003,1,1
0,5,75003,1,1
0,6,75003,1,1
0,7,75003,1,1
0,8,75003,1,1
0,9,75003,1,1
0,10,75003,1,1
0,11,75003,1,1
0,1,75014,1,1
0,2,75014,1,1
0,3,75014,1,1
0,4,75014,1,1
0,5,75014,1,1
0,6,75014,1,1
0,7,75014,1,1
0,8,75014,1,1
0,1,75025,1,1
0,2,75025,1,1
0,3,75025,1,1
0,4,75025,1,1
0,5,75025,1,1
0,6,75025,1,1
0,7,75025,1,1
0,8,75025,1,1
0,9,75025,1,1
0,10,75025,1,1
0,11,75025,1,1
0,1,75047,1,1
0,2,75047,1,1
0,3,75047,1,1
0,4,75047,1,1
0,5,75047,1,1
0,6,75047,1,1
0,7,75047,1,1
0,1,75058,1,1
0,2,75058,1,1
0,3,75058,1,1
0,4,75058,1,1
0,5,75058,1,1
0,1,75070,1,1
0,2,75070,1,1
0,3,75070,1,1
0,4,75070,1,1
0,5,75070,1,1
0,6,75070,1,1
0,7,75070,1,1
0,1,75081,1,1
0,2,75081,1,1
0,3,75081,1,1
0,4,75081,1,1
0,5,75081,1,1
0,6,75081,1,1
0,7,75081,1,1
0,8,75081,1,1
0,9,75081,1,1
0,10,75081,1,1
0,11,75081,1,1
0,12,75081,1,1
0,13,75081,1,1
0,14,75081,1,1
0,15,75081,1,1
0,16,75081,1,1
0,1,75092,1,1
0,2,75092,1,1
0,3,75092,1,1
0,4,75092,1,1
0,5,75092,1,1
0,1,75105,1,1
0,2,75105,1,1
0,3,75105,1,1
0,4,75105,1,1
0,5,75105,1,1
0,1,75127,1,1
0,2,75127,1,1
0,3,75127,1,1
0,4,75127,1,1
0,5,75127,1,1
0,6,75127,1,1
0,7,75127,1,1
0,8,75127,1,1
0,9,75127,1,1
0,10,75127,1,1
0,11,75127,1,1
0,1,75138,1,1
0,2,75138,1,1
0,3,75138,1,1
0,4,75138,1,1
0,5,75138,1,1
0,1,75150,1,1
0,2,75150,1,1
0,1,75183,1,1
0,2,75183,1,1
0,3,75183,1,1
0,4,75183,1,1
0,1,75194,1,1
0,2,75194,1,1
0,3,75194,1,1
0,4,75194,1,1
0,5,75194,1,1
0,1,75218,1,1
0,2,75218,1,1
0,3,75218,1,1
0,4,75218,1,1
0,5,75218,1,1
0,6,75218,1,1
0,7,75218,1,1
0,8,75218,1,1
0,9,75218,1,1
0,1,75252,1,1
0,2,75252,1,1
0,3,75252,1,1
0,4,75252,1,1
0,1,75285,1,1
0,2,75285,1,1
0,3,75285,1,1
0,4,75285,1,1
0,5,75285,1,1
0,6,75285,1,1
0,7,75285,1,1
0,8,75285,1,1
0,1,75296,1,1
0,2,75296,1,1
0,3,75296,1,1
0,4,75296,1,1
0,5,75296,1,1
0,6,75296,1,1
0,7,75296,1,1
0,8,75296,1,1
0,1,75332,1,1
0,2,75332,1,1
0,3,75332,1,1
0,4,75332,1,1
0,5,75332,1,1
0,6,75332,1,1
0,7,75332,1,1
0,8,75332,1,1
0,1,75343,1,1
0,2,75343,1,1
0,3,75343,1,1
0,4,75343,1,1
0,5,75343,1,1
0,6,75343,1,1
0,7,75343,1,1
0,8,75343,1,1
0,9,75343,1,1
0,1,75354,1,1
0,2,75354,1,1
0,3,75354,1,1
0,4,75354,1,1
0,5,75354,1,1
0,6,75354,1,1
0,7,75354,1,1
0,1,75365,1,1
0,2,75365,1,1
0,3,75365,1,1
0,4,75365,1,1
0,5,75365,1,1
0,6,75365,1,1
0,7,75365,1,1
0,1,75376,1,1
0,2,75376,1,1
0,3,75376,1,1
0,4,75376,1,1
0,5,75376,1,1
0,6,75376,1,1
0,7,75376,1,1
0,8,75376,1,1
0,1,75387,1,1
0,2,75387,1,1
0,3,75387,1,1
0,4,75387,1,1
0,5,75387,1,1
0,6,75387,1,1
0,7,75387,1,1
0,1,75445,1,1
0,2,75445,1,1
0,3,75445,1,1
0,4,75445,1,1
0,1,75456,1,1
0,2,75456,1,1
0,3,75456,1,1
0,4,75456,1,1
0,5,75456,1,1
0,6,75456,1,1
0,7,75456,1,1
0,1,75467,1,1
0,2,75467,1,1
0,3,75467,1,1
0,4,75467,1,1
0,1,75503,1,1
0,2,75503,1,1
0,3,75503,1,1
0,4,75503,1,1
0,5,75503,1,1
0,6,75503,1,1
0,7,75503,1,1
0,8,75503,1,1
0,9,75503,1,1
0,1,75525,1,1
0,2,75525,1,1
0,3,75525,1,1
0,4,75525,1,1
0,5,75525,1,1
0,1,75569,1,1
0,2,75569,1,1
0,3,75569,1,1
0,4,75569,1,1
0,5,75569,1,1
0,6,75569,1,1
0,7,75569,1,1
0,8,75569,1,1
0,1,75627,1,1
0,2,75627,1,1
0,3,75627,1,1
0,4,75627,1,1
0,1,75638,1,1
0,2,75638,1,1
0,3,75638,1,1
0,4,75638,1,1
0,1,75649,1,1
0,2,75649,1,1
0,3,75649,1,1
0,4,75649,1,1
0,5,75649,1,1
0,6,75649,1,1
0,7,75649,1,1
0,8,75649,1,1
0,1,75650,1,1
0,2,75650,1,1
0,3,75650,1,1
0,4,75650,1,1
0,5,75650,1,1
0,6,75650,1,1
0,7,75650,1,1
0,1,75694,1,1
0,2,75694,1,1
0,3,75694,1,1
0,4,75694,1,1
0,1,75718,1,1
0,2,75718,1,1
0,3,75718,1,1
0,4,75718,1,1
0,5,75718,1,1
0,1,75729,1,1
0,2,75729,1,1
0,3,75729,1,1
0,4,75729,1,1
0,1,75730,1,1
0,2,75730,1,1
0,1,75763,1,1
0,2,75763,1,1
0,3,75763,1,1
0,4,75763,1,1
0,1,75796,1,1
0,2,75796,1,1
0,3,75796,1,1
0,4,75796,1,1
0,1,76051,1,1
0,2,76051,1,1
0,3,76051,1,1
0,4,76051,1,1
0,5,76051,1,1
0,6,76051,1,1
0,7,76051,1,1
0,8,76051,1,1
0,9,76051,1,1
0,10,76051,1,1
0,1,76164,1,1
0,2,76164,1,1
0,3,76164,1,1
0,1,76197,1,1
0,2,76197,1,1
0,3,76197,1,1
0,4,76197,1,1
0,5,76197,1,1
0,6,76197,1,1
0,1,78795,1,1
0,2,78795,1,1
0,3,78795,1,1
0,4,78795,1,1
0,5,78795,1,1
0,6,78795,1,1
0,7,78795,1,1
0,8,78795,1,1
0,9,78795,1,1
0,10,78795,1,1
0,11,78795,1,1
0,12,78795,1,1
0,13,78795,1,1
0,1,78808,1,1
0,2,78808,1,1
0,3,78808,1,1
0,4,78808,1,1
0,5,78808,1,1
0,6,78808,1,1
0,7,78808,1,1
0,8,78808,1,1
0,9,78808,1,1
0,10,78808,1,1
0,11,78808,1,1
0,12,78808,1,1
0,13,78808,1,1
0,1,78820,1,1
0,2,78820,1,1
0,3,78820,1,1
0,4,78820,1,1
0,5,78820,1,1
0,6,78820,1,1
0,7,78820,1,1
0,1,78842,1,1
0,2,78842,1,1
0,3,78842,1,1
0,4,78842,1,1
0,5,78842,1,1
0,1,78864,1,1
0,2,78864,1,1
0,3,78864,1,1
0,4,78864,1,1
0,5,78864,1,1
0,6,78864,1,1
0,1,78875,1,1
0,2,78875,1,1
0,3,78875,1,1
0,4,78875,1,1
0,5,78875,1,1
0,6,78875,1,1
0,7,78875,1,1
0,8,78875,1,1
0,9,78875,1,1
0,10,78875,1,1
0,11,78875,1,1
0,12,78875,1,1
0,1,78933,1,1
0,2,78933,1,1
0,3,78933,1,1
0,4,78933,1,1
0,5,78933,1,1
0,6,78933,1,1
0,7,78933,1,1
0,8,78933,1,1
0,9,78933,1,1
0,10,78933,1,1
0,11,78933,1,1
0,12,78933,1,1
0,13,78933,1,1
0,14,78933,1,1
0,15,78933,1,1
0,16,78933,1,1
0,17,78933,1,1
0,18,78933,1,1
0,19,78933,1,1
0,20,78933,1,1
0,21,78933,1,1
0,22,78933,1,1
0,23,78933,1,1
0,24,78933,1,1
0,25,78933,1,1
0,1,79005,1,1
0,2,79005,1,1
0,3,79005,1,1
0,4,79005,1,1
0,5,79005,1,1
0,6,79005,1,1
0,7,79005,1,1
0,8,79005,1,1
0,1,79016,1,1
0,2,79016,1,1
0,3,79016,1,1
0,4,79016,1,1
0,5,79016,1,1
0,6,79016,1,1
0,7,79016,1,1
0,8,79016,1,1
0,9,79016,1,1
0,1,79141,1,1
0,2,79141,1,1
0,3,79141,1,1
0,4,79141,1,1
0,5,79141,1,1
0,6,79141,1,1
0,7,79141,1,1
0,8,79141,1,1
0,9,79141,1,1
0,10,79141,1,1
0,11,79141,1,1
0,12,79141,1,1
0,13,79141,1,1
0,14,79141,1,1
0,15,79141,1,1
0,16,79141,1,1
0,17,79141,1,1
0,1,91203,1,1
0,2,91203,1,1
0,3,91203,1,1
0,4,91203,1,1
0,5,91203,1,1
0,1,92524,1,1
0,2,92524,1,1
0,1,95136,1,1
0,1,96184,1,1
0,2,96184,1,1
0,3,96184,1,1
0,4,96184,1,1
0,5,96184,1,1
0,6,96184,1,1
0,7,96184,1,1
0,8,96184,1,1
0,1,98953,1,1
0,2,98953,1,1
0,3,98953,1,1
0,4,98953,1,1
0,5,98953,1,1
0,6,98953,1,1
0,7,98953,1,1
0,8,98953,1,1
0,9,98953,1,1
0,10,98953,1,1
0,1,100414,1,1
0,2,100414,1,1
0,3,100414,1,1
0,4,100414,1,1
0,5,100414,1,1
0,1,100470,1,1
0,2,100470,1,1
0,3,100470,1,1
0,4,100470,1,1
0,5,100470,1,1
0,6,100470,1,1
0,7,100470,1,1
0,8,100470,1,1
0,9,100470,1,1
0,10,100470,1,1
0,11,100470,1,1
0,12,100470,1,1
0,13,100470,1,1
0,14,100470,1,1
0,1,100663,1,1
0,2,100663,1,1
0,3,100663,1,1
0,1,106898,1,1
0,2,106898,1,1
0,3,106898,1,1
0,4,106898,1,1
0,5,106898,1,1
0,6,106898,1,1
0,7,106898,1,1
0,8,106898,1,1
0,9,106898,1,1
0,1,106978,1,1
0,2,106978,1,1
0,3,106978,1,1
0,4,106978,1,1
0,5,106978,1,1
0,1,106989,1,1
0,2,106989,1,1
0,3,106989,1,1
0,4,106989,1,1
0,5,106989,1,1
0,6,106989,1,1
0,7,106989,1,1
0,8,106989,1,1
0,9,106989,1,1
0,10,106989,1,1
0,11,106989,1,1
0,1,106990,1,1
0,2,106990,1,1
0,4,106990,1,1
0,1,107006,1,1
0,2,107006,1,1
0,3,107006,1,1
0,5,107006,1,1
0,1,107028,1,1
0,2,107028,1,1
0,3,107028,1,1
0,4,107028,1,1
0,5,107028,1,1
0,6,107028,1,1
0,7,107028,1,1
0,8,107028,1,1
0,9,107028,1,1
0,10,107028,1,1
0,11,107028,1,1
0,12,107028,1,1
0,13,107028,1,1
0,14,107028,1,1
0,15,107028,1,1
0,16,107028,1,1
0,17,107028,1,1
0,1,107039,1,1
0,2,107039,1,1
0,3,107039,1,1
0,4,107039,1,1
0,5,107039,1,1
0,6,107039,1,1
0,7,107039,1,1
0,8,107039,1,1
0,9,107039,1,1
0,10,107039,1,1
0,11,107039,1,1
0,12,107039,1,1
0,13,107039,1,1
0,14,107039,1,1
0,15,107039,1,1
0,16,107039,1,1
0,17,107039,1,1
0,18,107039,1,1
0,19,107039,1,1
0,20,107039,1,1
0,21,107039,1,1
0,1,107051,1,1
0,1,107062,1,1
0,2,107062,1,1
0,3,107062,1,1
0,4,107062,1,1
0,5,107062,1,1
0,1,107131,1,1
0,2,107131,1,1
0,3,107131,1,1
0,4,107131,1,1
0,5,107131,1,1
0,6,107131,1,1
0,1,107153,1,1
0,2,107153,1,1
0,3,107153,1,1
0,4,107153,1,1
0,5,107153,1,1
0,6,107153,1,1
0,7,107153,1,1
0,1,107186,1,1
0,2,107186,1,1
0,3,107186,1,1
0,4,107186,1,1
0,5,107186,1,1
0,6,107186,1,1
0,7,107186,1,1
0,8,107186,1,1
0,9,107186,1,1
0,10,107186,1,1
0,11,107186,1,1
0,12,107186,1,1
0,13,107186,1,1
0,14,107186,1,1
0,15,107186,1,1
0,16,107186,1,1
0,17,107186,1,1
0,18,107186,1,1
0,19,107186,1,1
0,20,107186,1,1
0,21,107186,1,1
0,1,107211,1,1
0,2,107211,1,1
0,3,107211,1,1
0,4,107211,1,1
0,5,107211,1,1
0,6,107211,1,1
0,7,107211,1,1
0,8,107211,1,1
0,9,107211,1,1
0,1,107222,1,1
0,2,107222,1,1
0,3,107222,1,1
0,4,107222,1,1
0,5,107222,1,1
0,1,107299,1,1
0,2,107299,1,1
0,3,107299,1,1
0,4,107299,1,1
0,5,107299,1,1
0,6,107299,1,1
0,7,107299,1,1
0,8,107299,1,1
0,9,107299,1,1
0,10,107299,1,1
0,11,107299,1,1
0,1,107313,1,1
0,2,107313,1,1
0,3,107313,1,1
0,4,107313,1,1
0,5,107313,1,1
0,6,107313,1,1
0,7,107313,1,1
0,8,107313,1,1
0,9,107313,1,1
0,1,108316,1,1
0,2,108316,1,1
0,3,108316,1,1
0,4,108316,1,1
0,5,108316,1,1
0,6,108316,1,1
0,7,108316,1,1
0,8,108316,1,1
0,9,108316,1,1
0,10,108316,1,1
0,11,108316,1,1
0,12,108316,1,1
0,1,108861,1,1
0,2,108861,1,1
0,3,108861,1,1
0,4,108861,1,1
0,5,108861,1,1
0,6,108861,1,1
0,1,108883,1,1
0,2,108883,1,1
0,3,108883,1,1
0,4,108883,1,1
0,5,108883,1,1
0,6,108883,1,1
0,7,108883,1,1
0,8,108883,1,1
0,9,108883,1,1
0,10,108883,1,1
0,11,108883,1,1
0,12,108883,1,1
0,13,108883,1,1
0,14,108883,1,1
0,15,108883,1,1
0,1,108907,1,1
0,2,108907,1,1
0,3,108907,1,1
0,4,108907,1,1
0,5,108907,1,1
0,6,108907,1,1
0,7,108907,1,1
0,8,108907,1,1
0,9,108907,1,1
0,10,108907,1,1
0,11,108907,1,1
0,12,108907,1,1
0,13,108907,1,1
0,14,108907,1,1
0,15,108907,1,1
0,1,108941,1,1
0,2,108941,1,1
0,3,108941,1,1
0,4,108941,1,1
0,5,108941,1,1
0,6,108941,1,1
0,7,108941,1,1
0,8,108941,1,1
0,9,108941,1,1
0,10,108941,1,1
0,11,108941,1,1
0,12,108941,1,1
0,13,108941,1,1
0,1,108952,1,1
0,2,108952,1,1
0,3,108952,1,1
0,4,108952,1,1
0,5,108952,1,1
0,6,108952,1,1
0,7,108952,1,1
0,1,109660,1,1
0,2,109660,1,1
0,3,109660,1,1
0,4,109660,1,1
0,5,109660,1,1
0,1,109671,1,1
0,2,109671,1,1
0,1,109693,1,1
0,2,109693,1,1
0,3,109693,1,1
0,4,109693,1,1
0,5,109693,1,1
0,6,109693,1,1
0,1,109773,1,1
0,2,109773,1,1
0,3,109773,1,1
0,4,109773,1,1
0,5,109773,1,1
0,6,109773,1,1
0,7,109773,1,1
0,1,109875,1,1
0,2,109875,1,1
0,3,109875,1,1
0,4,109875,1,1
0,5,109875,1,1
0,6,109875,1,1
0,1,109933,1,1
0,2,109933,1,1
0,3,109933,1,1
0,4,109933,1,1
0,5,109933,1,1
0,6,109933,1,1
0,7,109933,1,1
0,1,109977,1,1
0,2,109977,1,1
0,3,109977,1,1
0,4,109977,1,1
0,5,109977,1,1
0,6,109977,1,1
0,7,109977,1,1
0,8,109977,1,1
0,9,109977,1,1
0,10,109977,1,1
0,11,109977,1,1
0,12,109977,1,1
0,13,109977,1,1
0,1,109999,1,1
0,2,109999,1,1
0,3,109999,1,1
0,1,110009,1,1
0,2,110009,1,1
0,3,110009,1,1
0,4,110009,1,1
0,5,110009,1,1
0,6,110009,1,1
0,7,110009,1,1
0,8,110009,1,1
0,9,110009,1,1
0,10,110009,1,1
0,11,110009,1,1
0,1,110010,1,1
0,2,110010,1,1
0,3,110010,1,1
0,4,110010,1,1
0,5,110010,1,1
0,6,110010,1,1
0,1,110021,1,1
0,2,110021,1,1
0,3,110021,1,1
0,4,110021,1,1
0,5,110021,1,1
0,6,110021,1,1
0,7,110021,1,1
0,8,110021,1,1
0,9,110021,1,1
0,10,110021,1,1
0,11,110021,1,1
0,1,110543,1,1
0,2,110543,1,1
0,3,110543,1,1
0,4,110543,1,1
0,1,110598,1,1
0,2,110598,1,1
0,3,110598,1,1
0,4,110598,1,1
0,1,110612,1,1
0,2,110612,1,1
0,3,110612,1,1
0,4,110612,1,1
0,5,110612,1,1
0,6,110612,1,1
0,7,110612,1,1
0,1,110714,1,1
0,2,110714,1,1
0,3,110714,1,1
0,4,110714,1,1
0,5,110714,1,1
0,6,110714,1,1
0,7,110714,1,1
0,1,110827,1,1
0,2,110827,1,1
0,3,110827,1,1
0,4,110827,1,1
0,5,110827,1,1
0,6,110827,1,1
0,7,110827,1,1
0,8,110827,1,1
0,1,110838,1,1
0,2,110838,1,1
0,3,110838,1,1
0,4,110838,1,1
0,5,110838,1,1
0,6,110838,1,1
0,7,110838,1,1
0,8,110838,1,1
0,9,110838,1,1
0,10,110838,1,1
0,11,110838,1,1
0,12,110838,1,1
0,13,110838,1,1
0,1,110861,1,1
0,2,110861,1,1
0,3,110861,1,1
0,4,110861,1,1
0,5,110861,1,1
0,6,110861,1,1
0,7,110861,1,1
0,8,110861,1,1
0,1,110872,1,1
0,2,110872,1,1
0,3,110872,1,1
0,4,110872,1,1
0,5,110872,1,1
0,6,110872,1,1
0,7,110872,1,1
0,8,110872,1,1
0,9,110872,1,1
0,10,110872,1,1
0,11,110872,1,1
0,12,110872,1,1
0,1,110883,1,1
0,2,110883,1,1
0,3,110883,1,1
0,1,110894,1,1
0,2,110894,1,1
0,3,110894,1,1
0,4,110894,1,1
0,5,110894,1,1
0,6,110894,1,1
0,7,110894,1,1
0,8,110894,1,1
0,9,110894,1,1
0,1,115071,1,1
0,2,115071,1,1
0,4,115071,1,1
0,1,115106,1,1
0,2,115106,1,1
0,3,115106,1,1
0,4,115106,1,1
0,5,115106,1,1
0,6,115106,1,1
0,7,115106,1,1
0,8,115106,1,1
0,1,115117,1,1
0,2,115117,1,1
0,3,115117,1,1
0,4,115117,1,1
0,5,115117,1,1
0,6,115117,1,1
0,7,115117,1,1
0,8,115117,1,1
0,9,115117,1,1
0,10,115117,1,1
0,11,115117,1,1
0,1,116110,1,1
0,2,116110,1,1
0,3,116110,1,1
0,4,116110,1,1
0,5,116110,1,1
0,6,116110,1,1
0,7,116110,1,1
0,8,116110,1,1
0,9,116110,1,1
0,10,116110,1,1
0,11,116110,1,1
0,12,116110,1,1
0,1,116143,1,1
0,2,116143,1,1
0,3,116143,1,1
0,4,116143,1,1
0,1,120923,1,1
0,2,120923,1,1
0,3,120923,1,1
0,4,120923,1,1
0,5,120923,1,1
0,6,120923,1,1
0,7,120923,1,1
0,8,120923,1,1
0,1,123386,1,1
0,2,123386,1,1
0,3,123386,1,1
0,4,123386,1,1
0,5,123386,1,1
0,6,123386,1,1
0,7,123386,1,1
0,8,123386,1,1
0,9,123386,1,1
0,10,123386,1,1
0,11,123386,1,1
0,12,123386,1,1
0,13,123386,1,1
0,14,123386,1,1
0,15,123386,1,1
0,16,123386,1,1
0,17,123386,1,1
0,18,123386,1,1
0,1,123751,1,1
0,2,123751,1,1
0,3,123751,1,1
0,4,123751,1,1
0,5,123751,1,1
0,6,123751,1,1
0,7,123751,1,1
0,8,123751,1,1
0,9,123751,1,1
0,1,124389,1,1
0,2,124389,1,1
0,1,124403,1,1
0,2,124403,1,1
0,3,124403,1,1
0,4,124403,1,1
0,5,124403,1,1
0,6,124403,1,1
0,7,124403,1,1
0,8,124403,1,1
0,9,124403,1,1
0,10,124403,1,1
0,11,124403,1,1
0,12,124403,1,1
0,13,124403,1,1
0,1,127184,1,1
0,2,127184,1,1
0,3,127184,1,1
0,4,127184,1,1
0,1,141786,1,1
0,2,141786,1,1
0,3,141786,1,1
0,4,141786,1,1
0,5,141786,1,1
0,6,141786,1,1
0,7,141786,1,1
0,8,141786,1,1
0,9,141786,1,1
0,10,141786,1,1
0,11,141786,1,1
0,12,141786,1,1
0,13,141786,1,1
0,14,141786,1,1
0,15,141786,1,1
0,16,141786,1,1
0,17,141786,1,1
0,18,141786,1,1
0,19,141786,1,1
0,1,142290,1,1
0,2,142290,1,1
0,3,142290,1,1
0,4,142290,1,1
0,5,142290,1,1
0,6,142290,1,1
0,7,142290,1,1
0,8,142290,1,1
0,1,142687,1,1
0,2,142687,1,1
0,3,142687,1,1
0,4,142687,1,1
0,5,142687,1,1
0,6,142687,1,1
0,7,142687,1,1
0,8,142687,1,1
0,9,142687,1,1
0,10,142687,1,1
0,11,142687,1,1
0,1,142825,1,1
0,2,142825,1,1
0,3,142825,1,1
0,4,142825,1,1
0,1,144627,1,1
0,2,144627,1,1
0,3,144627,1,1
0,4,144627,1,1
0,5,144627,1,1
0,6,144627,1,1
0,7,144627,1,1
0,1,151564,1,1
0,2,151564,1,1
0,3,151564,1,1
0,4,151564,1,1
0,5,151564,1,1
0,6,151564,1,1
0,7,151564,1,1
0,8,151564,1,1
0,9,151564,1,1
0,10,151564,1,1
0,11,151564,1,1
0,12,151564,1,1
0,1,156592,1,1
0,2,156592,1,1
0,3,156592,1,1
0,4,156592,1,1
0,5,156592,1,1
0,6,156592,1,1
0,1,156605,1,1
0,2,156605,1,1
0,3,156605,1,1
0,4,156605,1,1
0,1,157266,1,1
0,2,157266,1,1
0,3,157266,1,1
0,4,157266,1,1
0,5,157266,1,1
0,6,157266,1,1
0,7,157266,1,1
0,1,157335,1,1
0,2,157335,1,1
0,3,157335,1,1
0,4,157335,1,1
0,5,157335,1,1
0,6,157335,1,1
0,7,157335,1,1
0,8,157335,1,1
0,9,157335,1,1
0,10,157335,1,1
0,11,157335,1,1
0,12,157335,1,1
0,1,157404,1,1
0,2,157404,1,1
0,3,157404,1,1
0,4,157404,1,1
0,5,157404,1,1
0,6,157404,1,1
0,7,157404,1,1
0,1,185944,1,1
0,2,185944,1,1
0,3,185944,1,1
0,4,185944,1,1
0,5,185944,1,1
0,6,185944,1,1
0,7,185944,1,1
0,8,185944,1,1
0,9,185944,1,1
0,1,259790,1,1
0,2,259790,1,1
0,3,259790,1,1
0,4,259790,1,1
0,5,259790,1,1
0,6,259790,1,1
0,7,259790,1,1
0,8,259790,1,1
0,9,259790,1,1
0,1,277101,1,1
0,2,277101,1,1
0,3,277101,1,1
0,4,277101,1,1
0,1,279232,1,1
0,2,279232,1,1
0,3,279232,1,1
0,4,279232,1,1
0,5,279232,1,1
0,6,279232,1,1
0,7,279232,1,1
0,8,279232,1,1
0,9,279232,1,1
0,10,279232,1,1
0,11,279232,1,1
0,1,281232,1,1
0,2,281232,1,1
0,1,285585,1,1
0,2,285585,1,1
0,3,285585,1,1
0,4,285585,1,1
0,5,285585,1,1
0,6,285585,1,1
0,7,285585,1,1
0,8,285585,1,1
0,9,285585,1,1
0,10,285585,1,1
0,11,285585,1,1
0,12,285585,1,1
0,1,287230,1,1
0,2,287230,1,1
0,3,287230,1,1
0,4,287230,1,1
0,5,287230,1,1
0,6,287230,1,1
0,1,287274,1,1
0,2,287274,1,1
0,3,287274,1,1
0,4,287274,1,1
0,5,287274,1,1
0,6,287274,1,1
0,1,287923,1,1
0,2,287923,1,1
0,3,287923,1,1
0,1,288131,1,1
0,2,288131,1,1
0,3,288131,1,1
0,4,288131,1,1
0,5,288131,1,1
0,6,288131,1,1
0,7,288131,1,1
0,8,288131,1,1
0,9,288131,1,1
0,10,288131,1,1
0,11,288131,1,1
0,12,288131,1,1
0,13,288131,1,1
0,14,288131,1,1
0,15,288131,1,1
0,16,288131,1,1
0,17,288131,1,1
0,18,288131,1,1
0,1,288142,1,1
0,2,288142,1,1
0,3,288142,1,1
0,4,288142,1,1
0,5,288142,1,1
0,6,288142,1,1
0,7,288142,1,1
0,8,288142,1,1
0,9,288142,1,1
0,10,288142,1,1
0,11,288142,1,1
0,12,288142,1,1
0,13,288142,1,1
0,14,288142,1,1
0,15,288142,1,1
0,16,288142,1,1
0,1,288324,1,1
0,2,288324,1,1
0,3,288324,1,1
0,4,288324,1,1
0,5,288324,1,1
0,6,288324,1,1
0,7,288324,1,1
0,8,288324,1,1
0,9,288324,1,1
0,10,288324,1,1
0,11,288324,1,1
0,12,288324,1,1
0,13,288324,1,1
0,14,288324,1,1
0,1,288426,1,1
0,2,288426,1,1
0,3,288426,1,1
0,4,288426,1,1
0,5,288426,1,1
0,6,288426,1,1
0,7,288426,1,1
0,8,288426,1,1
0,9,288426,1,1
0,10,288426,1,1
0,11,288426,1,1
0,12,288426,1,1
0,13,288426,1,1
0,14,288426,1,1
0,15,288426,1,1
0,16,288426,1,1
0,17,288426,1,1
0,18,288426,1,1
0,19,288426,1,1
0,1,288880,1,1
0,2,288880,1,1
0,3,288880,1,1
0,4,288880,1,1
0,5,288880,1,1
0,6,288880,1,1
0,7,288880,1,1
0,8,288880,1,1
0,9,288880,1,1
0,10,288880,1,1
0,11,288880,1,1
0,12,288880,1,1
0,13,288880,1,1
0,14,288880,1,1
0,15,288880,1,1
0,1,289805,1,1
0,2,289805,1,1
0,3,289805,1,1
0,4,289805,1,1
0,5,289805,1,1
0,6,289805,1,1
0,7,289805,1,1
0,8,289805,1,1
0,9,289805,1,1
0,10,289805,1,1
0,11,289805,1,1
0,12,289805,1,1
0,1,289952,1,1
0,2,289952,1,1
0,3,289952,1,1
0,4,289952,1,1
0,5,289952,1,1
0,6,289952,1,1
0,7,289952,1,1
0,8,289952,1,1
0,9,289952,1,1
0,10,289952,1,1
0,11,289952,1,1
0,1,290379,1,1
0,2,290379,1,1
0,3,290379,1,1
0,4,290379,1,1
0,5,290379,1,1
0,6,290379,1,1
0,7,290379,1,1
0,1,290879,1,1
0,1,302012,1,1
0,2,302012,1,1
0,3,302012,1,1
0,4,302012,1,1
0,1,334883,1,1
0,2,334883,1,1
0,3,334883,1,1
0,4,334883,1,1
0,1,353366,1,1
0,2,353366,1,1
0,3,353366,1,1
0,4,353366,1,1
0,5,353366,1,1
0,6,353366,1,1
0,7,353366,1,1
0,8,353366,1,1
0,9,353366,1,1
0,10,353366,1,1
0,11,353366,1,1
0,12,353366,1,1
0,13,353366,1,1
0,14,353366,1,1
0,15,353366,1,1
0,1,353504,1,1
0,2,353504,1,1
0,3,353504,1,1
0,4,353504,1,1
0,1,353855,1,1
0,2,353855,1,1
0,3,353855,1,1
0,4,353855,1,1
0,5,353855,1,1
0,1,359115,1,1
0,2,359115,1,1
0,3,359115,1,1
0,4,359115,1,1
0,5,359115,1,1
0,6,359115,1,1
0,7,359115,1,1
0,8,359115,1,1
0,9,359115,1,1
0,10,359115,1,1
0,1,373911,1,1
0,2,373911,1,1
0,3,373911,1,1
0,4,373911,1,1
0,5,373911,1,1
0,1,392563,1,1
0,2,392563,1,1
0,3,392563,1,1
0,4,392563,1,1
0,1,420042,1,1
0,2,420042,1,1
0,1,420122,1,1
0,2,420122,1,1
0,3,420122,1,1
0,4,420122,1,1
0,5,420122,1,1
0,6,420122,1,1
0,7,420122,1,1
0,1,420462,1,1
0,2,420462,1,1
0,3,420462,1,1
0,4,420462,1,1
0,5,420462,1,1
0,6,420462,1,1
0,7,420462,1,1
0,1,431038,1,1
0,2,431038,1,1
0,3,431038,1,1
0,4,431038,1,1
0,5,431038,1,1
0,6,431038,1,1
0,1,460128,1,1
0,2,460128,1,1
0,3,460128,1,1
0,1,460195,1,1
0,2,460195,1,1
0,3,460195,1,1
0,1,462066,1,1
0,2,462066,1,1
0,3,462066,1,1
0,4,462066,1,1
0,5,462066,1,1
0,6,462066,1,1
0,7,462066,1,1
0,8,462066,1,1
0,9,462066,1,1
0,10,462066,1,1
0,11,462066,1,1
0,12,462066,1,1
0,13,462066,1,1
0,1,463490,1,1
0,2,463490,1,1
0,3,463490,1,1
0,4,463490,1,1
0,1,463514,1,1
0,2,463514,1,1
0,3,463514,1,1
0,4,463514,1,1
0,5,463514,1,1
0,1,463581,1,1
0,2,463581,1,1
0,3,463581,1,1
0,1,463821,1,1
0,2,463821,1,1
0,3,463821,1,1
0,4,463821,1,1
0,1,497201,1,1
0,2,497201,1,1
0,3,497201,1,1
0,4,497201,1,1
0,5,497201,1,1
0,6,497201,1,1
0,7,497201,1,1
0,8,497201,1,1
0,9,497201,1,1
0,10,497201,1,1
0,11,497201,1,1
0,12,497201,1,1
0,13,497201,1,1
0,1,497267,1,1
0,2,497267,1,1
0,3,497267,1,1
0,4,497267,1,1
0,5,497267,1,1
0,6,497267,1,1
0,1,503173,1,1
0,2,503173,1,1
0,3,503173,1,1
0,4,503173,1,1
0,5,503173,1,1
0,1,503300,1,1
0,2,503300,1,1
0,3,503300,1,1
0,4,503300,1,1
0,5,503300,1,1
0,6,503300,1,1
0,7,503300,1,1
0,8,503300,1,1
0,9,503300,1,1
0,10,503300,1,1
0,1,504632,1,1
0,2,504632,1,1
0,3,504632,1,1
0,4,504632,1,1
0,5,504632,1,1
0,6,504632,1,1
0,7,504632,1,1
0,8,504632,1,1
0,9,504632,1,1
0,10,504632,1,1
0,11,504632,1,1
0,12,504632,1,1
0,13,504632,1,1
0,14,504632,1,1
0,15,504632,1,1
0,1,504643,1,1
0,2,504643,1,1
0,3,504643,1,1
0,4,504643,1,1
0,1,505226,1,1
0,2,505226,1,1
0,3,505226,1,1
0,4,505226,1,1
0,5,505226,1,1
0,6,505226,1,1
0,7,505226,1,1
0,8,505226,1,1
0,1,506683,1,1
0,2,506683,1,1
0,3,506683,1,1
0,1,506774,1,1
0,2,506774,1,1
0,1,506854,1,1
0,2,506854,1,1
0,3,506854,1,1
0,1,507200,1,1
0,2,507200,1,1
0,3,507200,1,1
0,4,507200,1,1
0,5,507200,1,1
0,6,507200,1,1
0,1,536743,1,1
0,2,536743,1,1
0,3,536743,1,1
0,4,536743,1,1
0,5,536743,1,1
0,6,536743,1,1
0,7,536743,1,1
0,8,536743,1,1
0,9,536743,1,1
0,10,536743,1,1
0,1,540545,1,1
0,2,540545,1,1
0,3,540545,1,1
0,4,540545,1,1
0,5,540545,1,1
0,1,540636,1,1
0,2,540636,1,1
0,3,540636,1,1
0,4,540636,1,1
0,5,540636,1,1
0,6,540636,1,1
0,7,540636,1,1
0,1,540670,1,1
0,2,540670,1,1
0,3,540670,1,1
0,4,540670,1,1
0,5,540670,1,1
0,6,540670,1,1
0,7,540670,1,1
0,8,540670,1,1
0,1,541424,1,1
0,2,541424,1,1
0,3,541424,1,1
0,4,541424,1,1
0,5,541424,1,1
0,6,541424,1,1
0,7,541424,1,1
0,8,541424,1,1
0,9,541424,1,1
0,10,541424,1,1
0,11,541424,1,1
0,1,542927,1,1
0,2,542927,1,1
0,3,542927,1,1
0,5,542927,1,1
0,1,544978,1,1
0,2,544978,1,1
0,3,544978,1,1
0,1,557175,1,1
0,2,557175,1,1
0,3,557175,1,1
0,4,557175,1,1
0,5,557175,1,1
0,6,557175,1,1
0,7,557175,1,1
0,8,557175,1,1
0,9,557175,1,1
0,10,557175,1,1
0,11,557175,1,1
0,12,557175,1,1
0,13,557175,1,1
0,14,557175,1,1
0,15,557175,1,1
0,16,557175,1,1
0,17,557175,1,1
0,18,557175,1,1
0,19,557175,1,1
0,20,557175,1,1
0,21,557175,1,1
0,22,557175,1,1
0,23,557175,1,1
0,24,557175,1,1
0,25,557175,1,1
0,26,557175,1,1
0,27,557175,1,1
0,28,557175,1,1
0,1,557755,1,1
0,2,557755,1,1
0,3,557755,1,1
0,4,557755,1,1
0,5,557755,1,1
0,6,557755,1,1
0,7,557755,1,1
0,8,557755,1,1
0,9,557755,1,1
0,10,557755,1,1
0,11,557755,1,1
0,1,557993,1,1
0,2,557993,1,1
0,3,557993,1,1
0,4,557993,1,1
0,5,557993,1,1
0,6,557993,1,1
0,7,557993,1,1
0,8,557993,1,1
0,1,558134,1,1
0,2,558134,1,1
0,1,563462,1,1
0,2,563462,1,1
0,3,563462,1,1
0,1,563520,1,1
0,2,563520,1,1
0,3,563520,1,1
0,4,563520,1,1
0,5,563520,1,1
0,6,563520,1,1
0,7,563520,1,1
0,1,563791,1,1
0,2,563791,1,1
0,3,563791,1,1
0,4,563791,1,1
0,5,563791,1,1
0,1,563804,1,1
0,2,563804,1,1
0,3,563804,1,1
0,4,563804,1,1
0,5,563804,1,1
0,6,563804,1,1
0,7,563804,1,1
0,8,563804,1,1
0,9,563804,1,1
0,10,563804,1,1
0,11,563804,1,1
0,1,590181,1,1
0,2,590181,1,1
0,3,590181,1,1
0,1,590192,1,1
0,2,590192,1,1
0,3,590192,1,1
0,4,590192,1,1
0,5,590192,1,1
0,1,591935,1,1
0,2,591935,1,1
0,3,591935,1,1
0,4,591935,1,1
0,5,591935,1,1
0,6,591935,1,1
0,7,591935,1,1
0,9,591935,1,1
0,1,591979,1,1
0,2,591979,1,1
0,3,591979,1,1
0,4,591979,1,1
0,5,591979,1,1
0,6,591979,1,1
0,7,591979,1,1
0,8,591979,1,1
0,1,592574,1,1
0,2,592574,1,1
0,3,592574,1,1
0,4,592574,1,1
0,5,592574,1,1
0,6,592574,1,1
0,7,592574,1,1
0,8,592574,1,1
0,9,592574,1,1
0,10,592574,1,1
0,1,593533,1,1
0,2,593533,1,1
0,3,593533,1,1
0,4,593533,1,1
0,1,593544,1,1
0,2,593544,1,1
0,3,593544,1,1
0,4,593544,1,1
0,5,593544,1,1
0,1,593602,1,1
0,2,593602,1,1
0,3,593602,1,1
0,4,593602,1,1
0,5,593602,1,1
0,1,593635,1,1
0,2,593635,1,1
0,3,593635,1,1
0,1,593704,1,1
0,2,593704,1,1
0,3,593704,1,1
0,4,593704,1,1
0,5,593704,1,1
0,6,593704,1,1
0,1,593759,1,1
0,2,593759,1,1
0,3,593759,1,1
0,4,593759,1,1
0,5,593759,1,1
0,1,593782,1,1
0,2,593782,1,1
0,3,593782,1,1
0,4,593782,1,1
0,5,593782,1,1
0,6,593782,1,1
0,7,593782,1,1
0,1,594207,1,1
0,2,594207,1,1
0,3,594207,1,1
0,4,594207,1,1
0,5,594207,1,1
0,6,594207,1,1
0,7,594207,1,1
0,8,594207,1,1
0,1,598254,1,1
0,2,598254,1,1
0,3,598254,1,1
0,1,598538,1,1
0,2,598538,1,1
0,3,598538,1,1
0,4,598538,1,1
0,5,598538,1,1
0,6,598538,1,1
0,7,598538,1,1
0,8,598538,1,1
0,9,598538,1,1
0,10,598538,1,1
0,11,598538,1,1
0,12,598538,1,1
0,13,598538,1,1
0,14,598538,1,1
0,1,598583,1,1
0,2,598583,1,1
0,3,598583,1,1
0,4,598583,1,1
0,5,598583,1,1
0,6,598583,1,1
0,7,598583,1,1
0,8,598583,1,1
0,9,598583,1,1
0,10,598583,1,1
0,11,598583,1,1
0,12,598583,1,1
0,1,616126,1,1
0,2,616126,1,1
0,3,616126,1,1
0,4,616126,1,1
0,5,616126,1,1
0,6,616126,1,1
0,7,616126,1,1
0,1,616444,1,1
0,2,616444,1,1
0,3,616444,1,1
0,4,616444,1,1
0,5,616444,1,1
0,6,616444,1,1
0,7,616444,1,1
0,8,616444,1,1
0,9,616444,1,1
0,10,616444,1,1
0,11,616444,1,1
0,12,616444,1,1
0,1,624646,1,1
0,2,624646,1,1
0,3,624646,1,1
0,1,624726,1,2
0,2,624726,1,2
0,3,624726,1,2
0,4,624726,1,2
0,5,624726,1,2
0,6,624726,1,2
0,7,624726,1,2
0,8,624726,1,2
0,9,624726,1,2
0,10,624726,1,2
0,11,624726,1,2
0,1,624895,1,1
0,2,624895,1,1
0,3,624895,1,1
0,4,624895,1,1
0,5,624895,1,1
0,6,624895,1,1
0,7,624895,1,1
0,8,624895,1,1
0,9,624895,1,1
0,10,624895,1,1
0,11,624895,1,1
0,12,624895,1,1
0,13,624895,1,1
0,14,624895,1,1
0,15,624895,1,1
0,16,624895,1,1
0,17,624895,1,1
0,18,624895,1,1
0,19,624895,1,1
0,20,624895,1,1
0,21,624895,1,1
0,1,624919,1,1
0,2,624919,1,1
0,3,624919,1,1
0,4,624919,1,1
0,5,624919,1,1
0,6,624919,1,1
0,7,624919,1,1
0,8,624919,1,1
0,9,624919,1,1
0,10,624919,1,1
0,11,624919,1,1
0,1,624920,1,1
0,2,624920,1,1
0,3,624920,1,1
0,4,624920,1,1
0,5,624920,1,1
0,6,624920,1,1
0,1,625581,1,1
0,2,625581,1,1
0,3,625581,1,1
0,4,625581,1,1
0,5,625581,1,1
0,6,625581,1,1
0,7,625581,1,1
0,8,625581,1,1
0,9,625581,1,1
0,1,627203,1,1
0,2,627203,1,1
0,3,627203,1,1
0,4,627203,1,1
0,5,627203,1,1
0,6,627203,1,1
0,7,627203,1,1
0,8,627203,1,1
0,9,627203,1,1
0,1,627269,1,1
0,2,627269,1,1
0,3,627269,1,1
0,4,627269,1,1
0,5,627269,1,1
0,6,627269,1,1
0,7,627269,1,1
0,8,627269,1,1
0,9,627269,1,1
0,10,627269,1,1
0,11,627269,1,1
0,12,627269,1,1
0,13,627269,1,1
0,14,627269,1,1
0,15,627269,1,1
0,1,628284,1,1
0,2,628284,1,1
0,3,628284,1,1
0,4,628284,1,1
0,5,628284,1,1
0,6,628284,1,1
0,7,628284,1,1
0,8,628284,1,1
0,1,628411,1,1
0,2,628411,1,1
0,3,628411,1,1
0,4,628411,1,1
0,1,629209,1,1
0,2,629209,1,1
0,3,629209,1,1
0,4,629209,1,1
0,5,629209,1,1
0,6,629209,1,1
0,7,629209,1,1
0,8,629209,1,1
0,1,630080,1,1
1,1,630080,1,1
0,1,646048,1,1
0,2,646048,1,1
0,3,646048,1,1
0,4,646048,1,1
0,5,646048,1,1
0,6,646048,1,1
0,7,646048,1,1
0,8,646048,1,1
0,9,646048,1,1
0,1,646060,1,1
0,2,646060,1,1
0,3,646060,1,1
0,4,646060,1,1
0,5,646060,1,1
0,6,646060,1,1
0,6,685632,1,1
0,1,685632,1,2
0,2,685632,1,2
0,3,685632,1,2
0,4,685632,1,2
0,5,685632,1,2
0,7,685632,1,2
0,1,689974,1,1
0,2,689974,1,1
0,3,689974,1,1
0,4,689974,1,1
0,5,689974,1,1
0,6,689974,1,1
0,7,689974,1,1
0,8,689974,1,1
0,9,689974,1,1
0,10,689974,1,1
0,11,689974,1,1
0,1,689996,1,1
0,2,689996,1,1
0,1,693867,1,1
0,2,693867,1,1
0,3,693867,1,1
0,4,693867,1,1
0,5,693867,1,1
0,6,693867,1,1
0,7,693867,1,1
0,8,693867,1,1
0,1,694019,1,1
0,2,694019,1,1
0,3,694019,1,1
0,4,694019,1,1
0,5,694019,1,1
0,6,694019,1,1
0,7,694019,1,1
0,8,694019,1,1
0,9,694019,1,1
0,10,694019,1,1
0,11,694019,1,1
0,12,694019,1,1
0,13,694019,1,1
0,14,694019,1,1
0,15,694019,1,1
0,16,694019,1,1
0,17,694019,1,1
0,18,694019,1,1
0,1,765300,1,1
0,2,765300,1,1
0,3,765300,1,1
0,4,765300,1,1
0,5,765300,1,1
0,6,765300,1,1
0,1,765435,1,1
0,2,765435,1,1
0,3,765435,1,1
0,4,765435,1,1
0,5,765435,1,1
0,1,822355,1,1
0,2,822355,1,1
0,3,822355,1,1
0,4,822355,1,1
0,5,822355,1,1
0,6,822355,1,1
0,7,822355,1,1
0,8,822355,1,1
0,9,822355,1,1
0,10,822355,1,1
0,1,822413,1,1
0,2,822413,1,1
0,3,822413,1,1
0,1,865361,1,1
0,2,865361,1,1
0,3,865361,1,1
0,4,865361,1,1
0,1,927731,1,1
0,2,927731,1,1
0,3,927731,1,1
0,4,927731,1,1
0,5,927731,1,1
0,6,927731,1,1
0,7,927731,1,1
0,8,927731,1,1
0,9,927731,1,1
0,10,927731,1,1
0,11,927731,1,1
0,12,927731,1,1
0,13,927731,1,1
0,14,927731,1,1
0,15,927731,1,1
0,16,927731,1,1
0,17,927731,1,1
0,1,930609,1,1
0,2,930609,1,1
0,3,930609,1,1
0,4,930609,1,1
0,5,930609,1,1
0,6,930609,1,1
0,7,930609,1,1
0,8,930609,1,1
0,1,992949,1,1
0,2,992949,1,1
0,3,992949,1,1
0,4,992949,1,1
0,5,992949,1,1
0,6,992949,1,1
0,7,992949,1,1
0,1,1070719,1,1
0,2,1070719,1,1
0,3,1070719,1,1
0,4,1070719,1,1
0,1,1071983,1,1
0,2,1071983,1,1
0,3,1071983,1,1
0,1,1111746,1,1
0,2,1111746,1,1
0,3,1111746,1,1
0,4,1111746,1,1
0,5,1111746,1,1
0,6,1111746,1,1
0,7,1111746,1,1
0,8,1111746,1,1
0,9,1111746,1,1
0,10,1111746,1,1
0,11,1111746,1,1
0,1,1120565,1,1
0,2,1120565,1,1
0,3,1120565,1,1
0,4,1120565,1,1
0,5,1120565,1,1
0,6,1120565,1,1
0,7,1120565,1,1
0,1,1191953,1,1
0,2,1191953,1,1
0,3,1191953,1,1
0,4,1191953,1,1
0,5,1191953,1,1
0,6,1191953,1,1
0,7,1191953,1,1
0,8,1191953,1,1
0,1,1304569,1,1
0,1,1305788,1,1
0,1,1309484,1,1
0,1,1310663,1,1
0,2,1310663,1,1
0,3,1310663,1,1
0,1,1310732,1,1
0,1,1314983,1,1
0,1,1317380,1,1
0,1,1333740,1,1
0,1,1396660,1,1
0,2,1396660,1,1
0,1,1449656,1,1
0,2,1449656,1,1
0,3,1449656,1,1
0,4,1449656,1,1
0,5,1449656,1,1
0,6,1449656,1,1
0,7,1449656,1,1
0,1,1493023,1,1
0,2,1493023,1,1
0,3,1493023,1,1
0,4,1493023,1,1
0,5,1493023,1,1
0,6,1493023,1,1
0,1,1495507,1,1
0,2,1495507,1,1
0,1,1590870,1,1
0,2,1590870,1,1
0,3,1590870,1,1
0,4,1590870,1,1
0,1,1603845,1,1
0,2,1603845,1,1
0,3,1603845,1,1
0,1,1605727,1,1
0,2,1605727,1,1
0,1,1613510,1,1
0,2,1613510,1,1
0,3,1613510,1,1
0,4,1613510,1,1
0,5,1613510,1,1
0,6,1613510,1,1
0,7,1613510,1,1
0,8,1613510,1,1
0,9,1613510,1,1
0,10,1613510,1,1
0,11,1613510,1,1
0,1,1630779,1,1
0,2,1630779,1,1
0,3,1630779,1,1
0,4,1630779,1,1
0,5,1630779,1,1
0,1,1630780,1,1
0,2,1630780,1,1
0,3,1630780,1,1
0,4,1630780,1,1
0,5,1630780,1,1
0,1,1630940,1,1
0,2,1630940,1,1
0,3,1630940,1,1
0,4,1630940,1,1
0,5,1630940,1,1
0,6,1630940,1,1
0,1,1708298,1,1
0,2,1708298,1,1
0,3,1708298,1,1
0,4,1708298,1,1
0,5,1708298,1,1
0,6,1708298,1,1
0,7,1708298,1,1
0,1,1708323,1,1
0,2,1708323,1,1
0,3,1708323,1,1
0,4,1708323,1,1
0,5,1708323,1,1
0,6,1708323,1,1
0,7,1708323,1,1
0,8,1708323,1,1
0,9,1708323,1,1
0,10,1708323,1,1
0,1,1761677,1,1
0,2,1761677,1,1
0,1,1981802,1,1
0,2,1981802,1,1
0,3,1981802,1,1
0,4,1981802,1,1
0,5,1981802,1,1
0,1,2053294,1,1
0,2,2053294,1,1
0,3,2053294,1,1
0,4,2053294,1,1
0,5,2053294,1,1
0,6,2053294,1,1
0,7,2053294,1,1
0,8,2053294,1,1
-1,1,2074875,1,1
0,1,2074875,1,1
0,1,2122487,1,1
0,2,2122487,1,1
0,3,2122487,1,1
0,1,2143682,1,1
0,2,2143682,1,1
0,3,2143682,1,1
0,4,2143682,1,1
0,1,2154509,1,1
0,2,2154509,1,1
0,3,2154509,1,1
0,4,2154509,1,1
0,5,2154509,1,1
0,6,2154509,1,1
0,7,2154509,1,1
0,8,2154509,1,1
0,9,2154509,1,1
0,1,2154598,1,1
0,2,2154598,1,1
0,1,2229074,1,1
0,2,2229074,1,1
0,1,2264213,1,1
0,2,2264213,1,1
0,3,2264213,1,1
0,1,2314978,1,1
0,2,2314978,1,1
0,3,2314978,1,1
0,4,2314978,1,1
-1,1,2465567,1,1
0,1,2465567,1,1
0,2,2465567,1,1
0,1,2465567,2,1
0,2,2465567,2,1
0,1,2551624,1,1
0,2,2551624,1,1
0,3,2551624,1,1
1,1,2564865,1,1
1,2,2564865,1,1
1,3,2564865,1,1
1,4,2564865,1,1
1,5,2564865,1,1
0,1,2597446,1,1
0,2,2597446,1,1
0,3,2597446,1,1
0,1,2612466,1,1
0,2,2612466,1,1
0,3,2612466,1,1
0,4,2612466,1,1
0,5,2612466,1,1
0,6,2612466,1,1
0,1,2669898,1,1
0,2,2669898,1,1
0,3,2669898,1,1
0,4,2669898,1,1
0,5,2669898,1,1
0,1,2696926,1,1
0,2,2696926,1,1
0,3,2696926,1,1
0,1,2699798,1,1
0,2,2699798,1,1
0,3,2699798,1,1
0,4,2699798,1,1
0,1,2713099,1,1
0,2,2713099,1,1
0,3,2713099,1,1
0,4,2713099,1,1
0,5,2713099,1,1
0,1,2781853,1,1
0,2,2781853,1,1
0,3,2781853,1,1
0,4,2781853,1,1
0,5,2781853,1,1
0,6,2781853,1,1
0,7,2781853,1,1
0,8,2781853,1,1
0,9,2781853,1,1
0,10,2781853,1,1
0,1,2873509,1,1
0,2,2873509,1,1
0,3,2873509,1,1
0,4,2873509,1,1
0,5,2873509,1,1
0,1,2944050,1,1
0,1,3100047,1,1
0,2,3100047,1,1
0,3,3100047,1,1
0,4,3100047,1,1
0,5,3100047,1,1
0,6,3100047,1,1
0,7,3100047,1,1
0,8,3100047,1,1
0,9,3100047,1,1
0,10,3100047,1,1
0,11,3100047,1,1
0,12,3100047,1,1
0,13,3100047,1,1
0,14,3100047,1,1
0,15,3100047,1,1
0,16,3100047,1,1
0,1,3170830,1,1
0,2,3170830,1,1
0,3,3170830,1,1
-1,1,3315375,1,1
0,1,3315375,1,1
-1,1,3352576,1,1
0,1,3352576,1,1
1,1,3352576,1,1
0,1,3744078,1,1
0,2,3744078,1,1
0,1,3889756,1,1
0,1,3889767,1,1
0,1,4109960,1,1
0,2,4109960,1,1
0,3,4109960,1,1
0,4,4109960,1,1
0,5,4109960,1,1
0,1,4164287,1,1
0,2,4164287,1,1
0,3,4164287,1,1
0,4,4164287,1,1
0,5,4164287,1,1
0,6,4164287,1,1
0,7,4164287,1,1
0,8,4164287,1,1
0,9,4164287,1,1
0,1,4170303,1,1
0,2,4170303,1,1
0,3,4170303,1,1
0,4,4170303,1,1
0,5,4170303,1,1
0,6,4170303,1,1
0,7,4170303,1,1
0,8,4170303,1,1
0,9,4170303,1,1
0,10,4170303,1,1
0,11,4170303,1,1
0,12,4170303,1,1
0,13,4170303,1,1
0,14,4170303,1,1
0,15,4170303,1,1
0,16,4170303,1,1
0,17,4170303,1,1
0,1,4426113,1,1
0,2,4426113,1,1
0,3,4426113,1,1
0,4,4426113,1,1
0,5,4426113,1,1
0,6,4426113,1,1
0,7,4426113,1,1
0,8,4426113,1,1
0,9,4426113,1,1
0,1,5009278,1,1
0,2,5009278,1,1
0,3,5009278,1,1
0,4,5009278,1,1
0,5,5009278,1,1
0,6,5009278,1,1
0,7,5009278,1,1
0,8,5009278,1,1
0,1,5164352,1,1
0,2,5164352,1,1
0,3,5164352,1,1
0,1,5500210,1,1
0,2,5500210,1,1
0,3,5500210,1,1
0,4,5500210,1,1
0,5,5500210,1,1
0,6,5500210,1,1
0,1,5765446,1,1
0,2,5765446,1,1
0,3,5765446,1,1
0,4,5765446,1,1
0,5,5765446,1,1
0,6,5765446,1,1
0,7,5765446,1,1
0,8,5765446,1,1
0,9,5765446,1,1
0,10,5765446,1,1
0,11,5765446,1,1
0,12,5765446,1,1
0,1,6004440,1,1
0,2,6004440,1,1
0,3,6004440,1,1
0,4,6004440,1,1
0,5,6004440,1,1
0,6,6004440,1,1
0,7,6004440,1,1
0,8,6004440,1,1
0,9,6004440,1,1
0,1,6142730,1,1
0,2,6142730,1,1
0,3,6142730,1,1
0,4,6142730,1,1
0,5,6142730,1,1
0,6,6142730,1,1
0,7,6142730,1,1
0,8,6142730,1,1
0,9,6142730,1,1
0,10,6142730,1,1
0,11,6142730,1,1
0,1,6569513,1,1
0,2,6569513,1,1
0,3,6569513,1,1
0,4,6569513,1,1
0,5,6569513,1,1
0,6,6569513,1,1
0,7,6569513,1,1
0,1,6746947,1,1
0,2,6746947,1,1
0,3,6746947,1,1
0,4,6746947,1,1
0,5,6746947,1,1
0,6,6746947,1,1
0,7,6746947,1,1
0,8,6746947,1,1
0,9,6746947,1,1
0,1,6806866,1,1
0,2,6806866,1,1
0,3,6806866,1,1
0,1,6829523,1,1
0,2,6829523,1,1
0,3,6829523,1,1
0,1,6851930,1,1
0,2,6851930,1,1
0,3,6851930,1,1
0,4,6851930,1,1
0,5,6851930,1,1
0,6,6851930,1,1
0,7,6851930,1,1
0,8,6851930,1,1
0,9,6851930,1,1
0,1,6914074,1,1
0,2,6914074,1,1
0,3,6914074,1,1
0,1,7175759,1,1
0,2,7175759,1,1
0,3,7175759,1,1
0,4,7175759,1,1
0,1,7446084,1,1
0,2,7446084,1,1
0,1,7446095,1,1
0,2,7446095,1,1
0,1,7446119,1,1
0,2,7446119,1,1
0,1,7446346,1,1
0,1,7446700,1,1
0,1,7447407,1,1
-1,1,7447418,1,1
0,1,7447418,1,1
0,1,7550358,1,1
0,1,7550450,1,1
0,1,7553562,1,1
0,1,7572294,1,1
0,2,7572294,1,1
0,3,7572294,1,1
0,1,7580678,1,1
0,1,7601903,1,1
0,2,7601903,1,1
0,3,7601903,1,1
0,4,7601903,1,1
0,5,7601903,1,1
0,6,7601903,1,1
0,7,7601903,1,1
0,8,7601903,1,1
0,9,7601903,1,1
0,1,7616946,1,1
0,2,7616946,1,1
0,3,7616946,1,1
0,4,7616946,1,1
0,1,7637072,1,1
0,2,7637072,1,1
0,1,7646697,1,1
0,1,7647010,1,1
1,1,7647010,1,1
0,1,7647145,1,1
0,1,7647156,1,1
0,1,7647190,1,1
0,2,7647190,1,1
0,1,7664393,1,1
1,1,7664393,1,1
0,1,7664417,1,1
0,2,7664417,1,1
0,3,7664417,1,1
0,1,7664939,1,1
0,2,7664939,1,1
0,3,7664939,1,1
0,4,7664939,1,1
0,5,7664939,1,1
0,6,7664939,1,1
0,7,7664939,1,1
0,8,7664939,1,1
0,1,7681494,1,1
0,1,7693267,1,1
0,1,7697372,1,1
0,2,7697372,1,1
0,3,7697372,1,1
0,4,7697372,1,1
0,5,7697372,1,1
0,6,7697372,1,1
0,7,7697372,1,1
0,8,7697372,1,1
0,1,7698057,1,1
0,1,7719097,1,1
0,2,7719097,1,1
0,3,7719097,1,1
0,4,7719097,1,1
0,1,7719122,1,1
0,2,7719122,1,1
0,3,7719122,1,1
0,1,7722841,1,1
0,2,7722841,1,1
0,3,7722841,1,1
0,4,7722841,1,1
0,1,7726956,1,1
0,1,7727379,1,1
0,1,7732185,1,1
0,2,7732185,1,1
0,1,7758023,1,1
0,1,7758896,1,1
0,1,7782390,1,1
0,1,7782414,1,1
0,1,7782447,1,1
1,1,7782447,1,1
0,1,7782505,1,1
1,1,7782505,1,1
0,1,7782776,1,1
0,2,7782776,1,1
0,3,7782776,1,1
0,5,7782776,1,1
0,6,7782776,1,1
0,1,7782798,1,1
0,2,7782798,1,1
0,3,7782798,1,1
0,4,7782798,1,1
0,1,7783064,1,1
0,2,7783064,1,1
0,1,7783075,1,1
0,2,7783075,1,1
0,1,7783406,1,1
0,1,7783417,1,1
0,2,7783417,1,1
0,1,7783428,1,1
0,2,7783428,1,1
0,3,7783428,1,1
0,4,7783428,1,1
0,1,7783519,1,1
0,1,7783542,1,1
0,2,7783542,1,1
0,3,7783542,1,1
0,1,7783553,1,1
0,2,7783553,1,1
0,3,7783553,1,1
0,1,7783600,1,1
0,2,7783600,1,1
0,3,7783600,1,1
0,4,7783600,1,1
0,5,7783600,1,1
0,1,7783611,1,1
0,2,7783611,1,1
0,1,7784181,1,1
0,1,7784421,1,1
0,2,7784421,1,1
0,1,7786303,1,1
0,1,7787475,1,1
0,1,7787497,1,1
0,1,7787715,1,1
0,2,7787715,1,1
0,3,7787715,1,1
0,1,7789233,1,1
0,1,7789244,1,1
0,1,7789255,1,1
0,2,7789255,1,1
0,3,7789255,1,1
0,1,7789266,1,1
0,2,7789266,1,1
0,3,7789266,1,1
0,4,7789266,1,1
0,5,7789266,1,1
0,6,7789266,1,1
0,7,7789266,1,1
0,1,7789302,1,1
0,2,7789302,1,1
0,3,7789302,1,1
0,4,7789302,1,1
0,1,7789335,1,1
0,1,7789608,1,1
0,2,7789608,1,1
0,1,7790898,1,1
0,1,7790912,1,1
0,2,7790912,1,1
0,3,7790912,1,1
0,4,7790912,1,1
0,1,7790923,1,1
0,2,7790923,1,1
0,3,7790923,1,1
0,1,7790990,1,1
0,1,7791211,1,1
0,2,7791211,1,1
0,1,7791255,1,1
0,2,7791255,1,1
0,3,7791255,1,1
0,4,7791255,1,1
0,5,7791255,1,1
0,1,7803498,1,1
0,2,7803498,1,1
0,3,7803498,1,1
0,4,7803498,1,1
0,5,7803498,1,1
0,6,7803498,1,1
0,1,7803512,1,1
0,2,7803512,1,1
0,3,7803512,1,1
0,1,7803625,1,1
0,2,7803625,1,1
1,1,9000184,1,1
0,1,9000388,1,1
0,1,10024972,1,1
0,2,10024972,1,1
0,3,10024972,1,1
0,1,10025679,1,1
0,2,10025679,1,1
0,3,10025679,1,1
0,4,10025679,1,1
0,1,10025782,1,1
0,2,10025782,1,1
0,3,10025782,1,1
0,4,10025782,1,1
0,1,10025873,1,1
0,2,10025873,1,1
0,3,10025873,1,1
0,4,10025873,1,1
0,1,10026047,1,1
0,2,10026047,1,1
0,1,10026138,1,1
0,2,10026138,1,1
0,1,10028156,1,1
0,2,10028156,1,1
0,1,10034852,1,1
0,1,10035106,1,1
1,1,10035106,1,1
0,1,10043115,1,1
0,1,10049044,1,1
0,2,10049044,1,1
0,1,10060114,1,1
0,2,10060114,1,1
0,1,10097286,1,1
-1,1,10102439,1,1
0,1,10102439,1,1
1,1,10102439,1,1
0,1,10102440,1,1
0,2,10102440,1,1
0,1,10294334,1,1
0,1,10294345,1,1
0,1,10325390,1,1
0,2,10325390,1,1
0,3,10325390,1,1
0,4,10325390,1,1
0,1,10544500,1,1
0,2,10544500,1,1
0,3,10544500,1,1
0,1,10544726,1,1
0,2,10544726,1,1
0,3,10544726,1,1
0,4,10544726,1,1
0,1,10544737,1,1
0,2,10544737,1,1
0,3,10544737,1,1
0,4,10544737,1,1
0,5,10544737,1,1
0,6,10544737,1,1
0,7,10544737,1,1
0,8,10544737,1,1
0,9,10544737,1,1
0,1,10545990,1,1
0,2,10545990,1,1
0,1,11128248,1,1
0,1,12011540,1,1
0,1,12024087,1,1
0,1,12030830,1,1
0,1,12032369,1,1
0,1,12033497,1,1
0,2,12033497,1,1
0,1,12033566,1,1
1,1,12033566,1,1
0,1,12033602,1,1
0,1,12056290,1,1
0,1,12057248,1,1
0,2,12057248,1,1
0,1,12061700,1,1
0,1,12070154,1,1
0,1,12075353,1,1
0,2,12075353,1,1
0,1,12141116,1,1
0,2,12141116,1,1
0,3,12141116,1,1
0,1,12142777,1,1
0,1,12164975,1,1
0,2,12164975,1,1
0,1,12177672,1,1
0,2,12177672,1,1
0,1,12184804,1,1
0,1,12185056,1,1
1,1,12185056,1,1
0,1,12185090,1,1
1,1,12185090,1,1
0,1,12185103,1,1
0,2,12185103,1,1
0,1,12185170,1,1
0,1,12187085,1,1
0,1,12190704,1,1
0,1,12190759,1,1
0,1,12228396,1,1
0,1,12251900,1,1
1,1,12254681,1,1
0,1,12258989,1,1
0,2,12258989,1,1
0,1,12281366,1,1
0,1,12292238,1,1
0,2,12292238,1,1
0,3,12292238,1,1
0,4,12292238,1,1
0,1,12326851,1,1
0,1,12333492,1,1
0,1,12504415,1,1
0,1,12505770,1,1
0,1,12596600,1,1
0,1,12597352,1,1
0,1,12628089,1,1
0,1,12640890,1,1
0,1,13283313,1,1
0,1,13444901,1,1
0,2,13444901,1,1
0,3,13444901,1,1
0,4,13444901,1,1
0,1,13445506,1,1
0,2,13445506,1,1
0,3,13445506,1,1
0,4,13445506,1,1
0,5,13445506,1,1
0,6,13445506,1,1
0,7,13445506,1,1
0,8,13445506,1,1
0,1,13450903,1,1
0,1,13453526,1,1
0,2,13453526,1,1
0,3,13453526,1,1
0,1,13463406,1,2
0,2,13463406,2,2
0,1,13465071,1,1
0,2,13465071,1,1
0,3,13465071,1,1
0,4,13465071,1,1
0,1,13465786,1,1
0,2,13465786,1,1
0,3,13465786,1,1
0,4,13465786,1,1
0,1,13478201,1,1
0,2,13478201,1,1
0,3,13478201,1,1
0,4,13478201,1,1
0,1,13478416,1,1
0,1,13517005,1,1
0,1,13517118,1,1
0,2,13517118,1,1
0,3,13517118,1,1
0,1,13537332,1,1
0,2,13537332,1,1
0,3,13537332,1,1
0,4,13537332,1,1
0,1,13569329,1,1
0,2,13569329,1,1
0,1,13572924,1,1
0,1,13572991,1,1
0,1,13587547,1,1
0,1,13595818,1,1
0,1,13595829,1,1
0,1,13597961,1,1
0,1,13597972,1,1
0,1,13598226,1,1
0,1,13701672,1,1
0,2,13701672,1,1
0,3,13701672,1,1
0,4,13701672,1,1
0,1,13709836,1,1
0,2,13709836,1,1
0,3,13709836,1,1
0,4,13709836,1,1
0,1,13765430,1,1
0,2,13765430,1,1
0,1,13765441,1,1
0,2,13765441,1,1
0,3,13765441,1,1
0,1,13766262,1,1
1,1,13766262,1,1
0,1,13768600,1,1
0,1,13770406,1,1
0,2,13770406,1,1
0,1,13774817,1,1
0,2,13774817,1,1
0,3,13774817,1,1
0,4,13774817,1,1
0,5,13774817,1,1
0,1,13774920,1,1
0,1,13774920,2,1
1,1,13774920,1,1
-1,1,13774942,1,1
0,1,13774942,1,1
1,1,13774942,1,1
0,1,13780239,1,1
0,1,13780579,1,1
0,2,13780579,1,1
0,3,13780579,1,1
0,4,13780579,1,1
0,1,13812436,1,1
0,2,13812436,1,1
0,3,13812436,1,1
0,1,13814250,1,1
0,2,13814250,1,1
0,1,13814501,1,1
0,1,13817066,1,1
0,2,13817066,1,1
0,3,13817066,1,1
0,1,13825906,1,1
0,2,13825906,1,1
0,1,13827264,1,1
0,1,13827322,1,1
0,1,13827322,2,1
1,1,13827322,1,1
0,1,13840885,1,1
0,2,13840885,1,1
0,1,13845120,1,1
0,2,13845120,1,1
0,3,13845120,1,1
0,4,13845120,1,1
0,1,13847659,1,1
0,2,13847659,1,1
0,3,13847659,1,1
0,4,13847659,1,1
0,1,13863417,1,1
0,1,13863597,1,1
0,1,13873842,1,1
0,1,13940211,1,1
1,1,13940211,1,1
0,1,13940222,1,1
0,1,13965736,1,1
0,2,13965736,1,1
0,3,13965736,1,1
0,4,13965736,1,1
0,1,13966579,1,1
0,1,13966784,1,1
0,1,13967061,1,1
-1,1,13967141,1,1
0,1,13967141,1,1
0,1,13967141,2,1
0,1,13967141,3,1
1,1,13967141,1,1
0,1,13967221,1,1
1,1,13967221,1,1
0,1,13967298,1,1
1,1,13968086,1,1
1,2,13968086,1,1
0,1,13981878,1,1
0,1,13983205,1,1
0,1,14018827,1,1
0,1,14034798,1,1
0,2,14034798,1,1
0,3,14034798,1,1
0,1,14332286,1,1
0,2,14332286,1,1
0,3,14332286,1,1
0,1,14332537,1,1
1,1,14332537,1,1
0,1,14333267,1,1
0,1,14452596,1,1
0,1,14452609,1,1
0,1,14452610,1,1
0,1,14452643,1,1
0,2,14452643,1,1
-1,1,14452665,1,1
0,1,14452665,1,1
0,1,14452756,1,1
0,1,14457648,1,1
0,1,14457659,1,1
0,2,14457659,1,1
0,1,14457853,1,1
0,2,14457853,1,1
0,3,14457853,1,1
0,1,14699991,1,1
0,2,14699991,1,1
0,3,14699991,1,1
0,4,14699991,1,1
0,5,14699991,1,1
0,1,14929465,1,1
0,1,14953287,1,1
0,1,14989298,1,1
0,1,14989301,1,1
0,1,14989323,1,1
0,1,15120135,1,1
0,1,15499237,1,1
0,2,15499237,1,1
0,3,15499237,1,1
0,1,15606710,1,1
0,1,15626434,1,1
0,2,15626434,1,1
0,3,15626434,1,1
0,4,15626434,1,1
0,1,15656196,1,1
0,1,16027922,1,1
1,1,16027922,1,1
0,1,16068965,1,1
0,1,16136848,1,1
0,2,16136848,1,1
0,1,16136859,1,1
0,2,16136859,1,1
0,1,16674183,1,1
0,1,16955354,1,1
0,2,16955354,1,1
0,3,16955354,1,1
0,4,16955354,1,1
0,5,16955354,1,1
0,6,16955354,1,1
0,1,17108859,1,1
0,1,17167554,1,1
0,1,17739478,1,1
0,1,19287457,1,1
0,2,19287457,1,1
0,3,19287457,1,1
0,4,19287457,1,1
0,5,19287457,1,1
0,6,19287457,1,1
0,7,19287457,1,1
0,1,19961296,1,1
0,1,20583555,1,1
0,1,20611590,1,1
0,2,20611590,1,1
0,1,20619163,1,1
0,1,20901217,1,1
0,2,20901217,1,1
0,3,20901217,1,1
0,1,23550450,1,1
1,1,23550450,1,1
0,1,23878468,1,1
0,1,24304005,1,1
0,1,24331097,1,1
0,2,24331097,1,1
0,1,25655838,1,1
0,2,25655838,1,1
0,3,25655838,1,1
0,1,25681792,1,1
0,1,25681805,1,1
0,1,26754983,1,1
0,1,29904798,1,1
0,1,30664121,1,1
0,2,30664121,1,1
0,3,30664121,1,1
0,1,30842901,1,1
0,2,30842901,1,1
0,3,30842901,1,1
0,4,30842901,1,1
0,5,30842901,1,1
0,6,30842901,1,1
0,7,30842901,1,1
0,8,30842901,1,1
0,9,30842901,1,1
0,10,30842901,1,1
0,11,30842901,1,1
0,12,30842901,1,1
0,1,32752946,1,1
1,1,36058283,1,1
1,2,36058283,1,1
1,3,36058283,1,1
0,1,39594917,1,1
0,2,39594917,1,1
0,3,39594917,1,1
0,1,57932566,1,1
0,2,57932566,1,1
0,3,57932566,1,1
0,1,61183537,1,1
0,2,61183537,1,1
0,3,61183537,1,1
0,4,61183537,1,1
0,5,61183537,1,1
0,6,61183537,1,1
0,7,61183537,1,1
0,8,61183537,1,1
0,9,61183537,1,1
