charge,casno,squib,Entropy,state,config
0,22,webbook,1.7247000e+002,1,1
0,50000,Gurvich,2.1875999e+002,1,1
0,51796,,,1,1
0,56235,Gurvich,3.0946100e+002,1,1
0,56406,,,1,1
0,56417,,,1,1
0,56815,,,1,1
0,57136,TRC,2.7789999e+002,1,1
0,57556,TRC,2.8800000e+002,1,1
0,57578,TRC,2.8625000e+002,1,1
0,60297,TRC,3.4267001e+002,1,1
0,60355,TRC,2.8382999e+002,1,1
0,62533,,,1,1
0,62566,,,1,1
0,64175,Gurvich,2.8162201e+002,1,1
0,64186,Gurvich,2.4887399e+002,1,1
0,64197,TRC,2.8347000e+002,1,1
0,67561,Gurvich,2.3986501e+002,1,1
0,67630,TRC,3.0920001e+002,1,1
0,67641,TRC,2.9545999e+002,1,1
0,67663,Gurvich,2.9635300e+002,1,1
0,67685,,,1,1
0,67710,,,1,1
0,67721,webbook,3.9784000e+002,1,1
0,70291,,,1,1
0,71238,TRC,3.2257999e+002,1,1
0,71363,TRC,3.6159000e+002,1,1
0,71410,,,1,1
0,71432,TRC,2.6929999e+002,1,1
0,71556,,,1,1
0,74828,Gurvich,1.8636800e+002,1,1
0,74839,Gurvich,2.4591299e+002,1,1
0,74840,Gurvich,2.2916200e+002,1,1
0,74851,Gurvich,2.1931599e+002,1,1
0,74862,Gurvich,2.0092599e+002,1,1
0,74873,Gurvich,2.3439200e+002,1,1
0,74895,TRC,2.4289000e+002,1,1
0,74908,Gurvich,2.0182001e+002,1,1
0,74931,webbook,2.5514000e+002,1,1
0,74953,Gurvich,2.9342599e+002,1,1
0,74964,,,1,1
0,74986,TRC,2.7031000e+002,1,1
0,74997,TRC,2.4847000e+002,1,1
0,75003,TRC,2.7589001e+002,1,1
0,75014,Gurvich,2.6401901e+002,1,1
0,75025,Gurvich,2.5266901e+002,1,1
0,75047,TRC,2.8378000e+002,1,1
0,75058,TRC,2.4339999e+002,1,1
0,75070,webbook,2.6395001e+002,1,1
0,75081,TRC,2.9625000e+002,1,1
0,75092,Gurvich,2.7035999e+002,1,1
0,75105,Gurvich,2.4670700e+002,1,1
0,75127,,,1,1
0,75138,JANAF,2.3822800e+002,1,1
0,75150,Gurvich,2.3797701e+002,1,1
0,75183,TRC,2.8595999e+002,1,1
0,75194,TRC,2.3738000e+002,1,1
0,75218,JANAF,2.4301199e+002,1,1
0,75252,Gurvich,3.3066901e+002,1,1
0,75285,TRC,2.9550000e+002,1,1
0,75296,TRC,3.0604999e+002,1,1
0,75310,TRC,3.1223999e+002,1,1
0,75332,TRC,3.2441000e+002,1,1
0,75343,TRC,3.0517001e+002,1,1
0,75354,Gurvich,2.8815900e+002,1,1
0,75365,TRC,2.9520999e+002,1,1
0,75376,TRC,2.8270001e+002,1,1
0,75387,Gurvich,2.6603601e+002,1,1
0,75434,webbook,2.9325000e+002,1,1
0,75445,JANAF,2.8379599e+002,1,1
0,75456,webbook,2.8095999e+002,1,1
0,75467,Gurvich,2.5967401e+002,1,1
0,75503,TRC,2.8879999e+002,1,1
0,75525,TRC,2.7520001e+002,1,1
0,75569,TRC,2.8114999e+002,1,1
0,75638,webbook,2.9782001e+002,1,1
0,75649,TRC,3.2806000e+002,1,1
0,75650,TRC,3.2670001e+002,1,1
0,75661,,,1,1
0,75694,Gurvich,3.0977899e+002,1,1
0,75718,Gurvich,3.0090302e+002,1,1
0,75729,Gurvich,2.8541901e+002,1,1
0,75730,Gurvich,2.6145401e+002,1,1
0,75763,webbook,3.6112000e+002,1,1
0,75796,webbook,3.5109000e+002,1,1
0,75832,TRC,3.5839999e+002,1,1
0,76164,JANAF,3.3218500e+002,1,1
0,78784,TRC,3.4373999e+002,1,1
0,78795,TRC,3.1467001e+002,1,1
0,78808,,,1,1
0,78819,,,1,1
0,78820,TRC,3.1466000e+002,1,1
0,78831,,,1,1
0,78842,,,1,1
0,78864,,,1,1
0,78875,,,1,1
0,78900,,,1,1
0,78933,TRC,3.3947000e+002,1,1
0,79005,,,1,1
0,79016,Gurvich,3.2496100e+002,1,1
0,79050,,,1,1
0,79061,,,1,1
0,79107,TRC,3.0773001e+002,1,1
0,79196,,,1,1
0,79209,TRC,3.2120001e+002,1,1
0,79298,TRC,3.6592999e+002,1,1
0,79390,,,1,1
0,79403,,,1,1
0,91203,,3.3479999e+002,1,1
0,96140,TRC,3.8300000e+002,1,1
0,96184,,,1,1
0,96220,,,1,1
0,96311,,,1,1
0,96333,,,1,1
0,96377,,,1,1
0,96413,,,1,1
0,96480,,,1,1
0,96548,,,1,1
0,98862,webbook,3.7288000e+002,1,2
0,98953,,,1,1
0,100414,webbook,3.6050000e+002,1,1
0,100425,webbook,3.4510001e+002,1,1
0,100527,,,1,1
0,100663,,,1,1
0,103651,webbook,3.9785999e+002,1,1
0,106898,,,1,1
0,106978,TRC,3.1001999e+002,1,1
0,106989,TRC,3.0785999e+002,1,1
0,106990,TRC,2.7878000e+002,1,1
0,107006,TRC,2.9050000e+002,1,1
0,107028,TRC,2.8112000e+002,1,1
0,107039,TRC,3.3654999e+002,1,1
0,107062,TRC,3.0595999e+002,1,1
0,107108,TRC,3.2544000e+002,1,1
0,107131,,,1,1
0,107153,,,1,1
0,107186,,,1,1
0,107211,TRC,3.0381000e+002,1,1
0,107222,TRC,2.7244000e+002,1,1
0,107299,,,1,1
0,107313,TRC,2.8529999e+002,1,1
0,107835,TRC,3.8098001e+002,1,1
0,107879,,,1,1
0,107880,,,1,1
0,107937,webbook,1.0830000e+002,1,1
0,107959,,,1,1
0,107971,,,1,1
0,108383,webbook,3.5820001e+002,1,1
0,108883,,,1,1
0,108907,,,1,1
0,108941,webbook,3.3553000e+002,1,1
0,108952,,,1,1
0,109660,TRC,3.4956000e+002,1,1
0,109693,,,1,1
0,109739,,,1,1
0,109740,TRC,3.2719000e+002,1,1
0,109773,,,1,1
0,109808,,,1,1
0,109875,,,1,1
0,109922,,,1,1
0,109933,,,1,1
0,109944,,,1,1
0,109977,TRC,2.7072000e+002,1,1
0,109999,1992Dor:9,3.0235300e+002,1,1
0,110009,1977Ped/Ryl,2.6700000e+002,1,1
0,110010,1995Dor/Gur:1351,3.0962701e+002,1,1
0,110021,1995Dor/Gur:1351,2.7877301e+002,1,1
0,110543,TRC,3.8885001e+002,1,1
0,110565,,,1,1
0,110598,,,1,1
0,110612,,,1,1
0,110623,webbook,3.7989999e+002,1,1
0,110634,,,1,1
0,110667,,,1,1
0,110714,,,1,1
0,110827,TRC,2.9739001e+002,1,1
0,110838,webbook,3.1045001e+002,1,1
0,110861,1996CHI/STE,2.8277600e+002,1,1
0,110872,,,1,1
0,110883,webbook,2.8489999e+002,1,1
0,110894,,,1,1
0,111433,webbook,4.2250000e+002,1,1
0,111659,webbook,4.6706000e+002,1,1
0,115071,TRC,2.6673001e+002,1,1
0,115106,TRC,2.6734000e+002,1,1
0,115117,TRC,2.9320001e+002,1,1
0,116110,,,1,1
0,116143,Gurvich,3.0012299e+002,1,1
0,120923,TRC,3.1367999e+002,1,1
0,123386,TRC,3.0451001e+002,1,1
0,123513,,,1,1
0,123728,TRC,3.4376001e+002,1,1
0,123751,NA,3.0960001e+002,1,1
0,123911,,,1,1
0,124389,CODATA,2.1378500e+002,1,1
0,124403,TRC,2.7069000e+002,1,1
0,127184,Gurvich,3.4342099e+002,1,1
0,137326,,,1,1
0,141786,,,1,1
0,142290,TRC,2.9138000e+002,1,1
0,142687,,,1,1
0,151188,,,1,1
0,151564,TRC,2.5023000e+002,1,1
0,156592,Gurvich,2.8957300e+002,1,1
0,156605,Gurvich,2.9004700e+002,1,1
0,157335,,,1,1
0,157404,1950Sco/Fin:4664,2.8216000e+002,1,1
0,185944,,,1,1
0,277101,,,1,1
0,281232,,,1,1
0,285585,,,1,1
0,287230,TRC,2.6439999e+002,1,1
0,287274,TRC,2.8525000e+002,1,1
0,287923,TRC,2.9285999e+002,1,1
0,288131,,,1,1
0,288142,TRC,2.7063000e+002,1,1
0,288324,,,1,1
0,288426,TRC,2.7084000e+002,1,1
0,288880,,,1,1
0,288948,TRC,2.6835001e+002,1,1
0,289805,,,1,1
0,289952,,,1,1
0,290379,,,1,1
0,290879,,,1,1
0,291645,webbook,3.4229999e+002,1,1
0,292648,webbook,3.6679999e+002,1,1
0,302012,Gurvich,2.3846500e+002,1,1
0,352932,,,1,1
0,353491,webbook,2.7701001e+002,1,1
0,353504,Gurvich,2.5896701e+002,1,1
0,353855,JANAF,2.9853299e+002,1,1
0,373911,webbook,3.2248001e+002,1,1
0,409212,webbook,2.1302000e+002,1,1
0,420122,TRC,2.5524001e+002,1,1
0,420462,,,1,1
0,431038,,,1,1
0,460128,,,1,1
0,460195,Gurvich,2.4220100e+002,1,1
0,462066,1956Sco/McM:5457,3.0263000e+002,1,1
0,463490,TRC,2.4377000e+002,1,1
0,463514,TRC,2.4188000e+002,1,1
0,463581,Gurvich,2.3164400e+002,1,1
0,463821,TRC,3.0600000e+002,1,1
0,471465,,,1,1
0,471476,,,1,1
0,497201,,,1,1
0,497267,,,1,1
0,503173,TRC,2.8316000e+002,1,1
0,503300,1992Dor:9,2.7142801e+002,1,1
0,504632,,,1,1
0,504643,Gurvich,2.7664200e+002,1,1
0,505226,,,1,1
0,506683,JANAF,2.4836301e+002,1,1
0,506774,Gurvich,2.3614101e+002,1,1
0,507200,,,1,1
0,513359,TRC,3.3870001e+002,1,1
0,513440,,,1,1
0,513531,,,1,1
0,534156,,,1,1
0,540545,TRC,3.1864001e+002,1,1
0,540636,,,1,1
0,540670,TRC,3.0925000e+002,1,1
0,541311,,,1,1
0,541355,,,1,1
0,541413,,,1,1
0,541424,,,1,1
0,542927,TRC,2.7414999e+002,1,1
0,543599,,,1,1
0,543679,,,1,1
0,554143,,,1,1
0,557175,,,1,1
0,557993,TRC,2.8310999e+002,1,1
0,558134,Gurvich,3.5805701e+002,1,1
0,563462,TRC,3.3960001e+002,1,1
0,563520,,,1,1
0,563780,,,1,1
0,563791,,,1,1
0,563804,,,1,1
0,563837,,,1,1
0,584021,webbook,3.8220999e+002,1,1
0,590181,TRC,3.0131000e+002,1,1
0,590192,TRC,2.9254999e+002,1,1
0,591764,webbook,4.1998999e+002,1,1
0,591935,TRC,3.3398999e+002,1,1
0,591957,TRC,3.3489999e+002,1,1
0,591968,TRC,3.2920001e+002,1,1
0,591979,,,1,1
0,592416,,,1,1
0,592427,,,1,1
0,592574,TRC,3.0341000e+002,1,1
0,593533,Gurvich,2.2282201e+002,1,1
0,593544,,,1,1
0,593635,webbook,2.4199001e+002,1,1
0,593704,webbook,2.6441000e+002,1,1
0,594207,,,1,1
0,594434,,,1,1
0,594821,webbook,3.8929999e+002,1,1
0,598254,TRC,3.2162000e+002,1,1
0,598505,,,1,1
0,598538,,,1,1
0,598583,,,1,1
0,598754,,,1,1
0,598947,,,1,1
0,616126,,,1,1
0,616217,,,1,1
0,616422,,,1,1
0,616444,,,1,1
0,616455,,,1,1
0,624646,TRC,2.9632999e+002,1,1
0,624895,TRC,3.3320001e+002,1,1
0,624919,,,1,1
0,624920,TRC,3.3679999e+002,1,1
0,625525,,,1,1
0,625581,,,1,1
0,625605,,,1,1
0,627203,TRC,3.4739999e+002,1,1
0,627269,TRC,3.0653000e+002,1,1
0,627510,,,1,1
0,628284,,,1,1
0,628295,,,1,1
0,628320,,,1,1
0,628342,,,1,1
0,628411,TRC,2.9634000e+002,1,1
0,629209,webbook,3.2679999e+002,1,1
0,630080,CODATA,1.9766000e+002,1,1
0,630182,,,1,1
0,646048,TRC,3.4320001e+002,1,1
0,646060,1992Dor:9,2.9982199e+002,1,1
0,674828,,,1,1
0,689974,,,1,1
0,689996,webbook,2.4406000e+002,1,1
0,693027,,,1,1
0,693867,,,1,1
0,693890,,,1,1
0,693958,,,1,1
0,693981,,,1,1
0,694019,,,1,1
0,694053,,,1,1
0,760214,,,1,1
0,764352,,,1,1
0,764421,,,1,1
0,765300,TRC,2.8551001e+002,1,1
0,765435,,,1,1
0,811938,,,1,1
0,821078,,,1,1
0,822355,TRC,2.6207001e+002,1,1
0,822388,,,1,1
0,822413,,,1,1
0,865361,,,1,1
0,917920,,,1,1
0,922623,,,1,1
0,922690,,,1,1
0,927731,,,1,1
0,928494,,,1,1
0,930267,,,1,1
0,992949,,,1,1
0,1003038,,,1,1
0,1003049,,,1,1
0,1003107,,,1,1
0,1071983,JANAF,2.9011200e+002,1,1
0,1072431,,,1,1
0,1115157,,,1,1
0,1120565,TRC,2.9738000e+002,1,1
0,1120598,1995Dor/Gur:1351,3.0353000e+002,1,1
0,1120623,,,1,1
0,1120645,,,1,1
0,1190223,,,1,1
0,1190767,TRC,3.0939999e+002,1,1
0,1191088,,,1,1
0,1191953,,,1,1
0,1191997,1992Dor:9,2.9257101e+002,1,1
0,1304569,JANAF,1.9762500e+002,1,1
0,1305788,Gurvich,2.1971600e+002,1,1
0,1309484,Gurvich,2.1331500e+002,1,1
0,1310538,Gurvich,2.4124400e+002,1,1
0,1310663,1996Gur/Ber:1211,2.1437500e+002,1,1
0,1310732,JANAF,2.2897501e+002,1,1
0,1317380,JANAF,2.3462000e+002,1,1
0,1333740,CODATA,1.3067999e+002,1,1
1,1333740,Webbook,1.4237000e+002,1,1
0,1396660,webbook,2.5657999e+002,1,1
0,1487156,,,1,1
0,1493023,webbook,2.4652000e+002,1,1
0,1495507,Gurvich,2.2460400e+002,1,1
0,1551219,,,1,1
0,1574409,,,1,1
0,1574410,TRC,3.2295001e+002,1,1
0,1590870,NA,2.7013101e+002,1,1
0,1605727,JANAF,2.6534601e+002,1,1
0,1605738,1997See/Sla:1709,3.1400000e+002,1,1
0,1613510,1995Dor/Gur:1351,3.2302600e+002,1,1
0,1615754,TRC,3.0060001e+002,1,1
0,1630940,TRC,3.0792999e+002,1,1
0,1634044,,,1,1
0,1679078,,,1,1
0,1679089,,,1,1
0,1679090,TRC,3.8695999e+002,1,1
0,1708323,1995Dor/Gur:1351,2.9708899e+002,1,1
0,1738369,,,1,1
0,1759815,,,1,1
0,1795091,,,1,1
0,1878188,,,1,1
0,1981802,,,1,1
0,2004695,,,1,1
0,2004708,TRC,3.1567999e+002,1,1
0,2025550,1997See/Sla:1709,2.8100000e+002,1,1
0,2025561,Gurvich,2.5052100e+002,1,1
0,2053294,,,1,1
0,2074875,Gurvich,2.0264301e+002,1,1
0,2084186,,,1,1
0,2122487,Gurvich,2.0973399e+002,1,1
0,2143615,1997See/Sla:1709,2.8400000e+002,1,1
0,2143682,2005Rus/Bog:573,2.3427800e+002,1,1
0,2154509,2005Rus/Bog:573,2.7764200e+002,1,1
0,2154565,2005Rus/Bog:573,3.1822900e+002,1,1
0,2154598,Gurvich,2.4083800e+002,1,1
0,2211678,,,1,1
0,2211703,,,1,1
0,2229074,2005Rus/Bog:573,1.9400800e+002,1,1
0,2231574,,,1,1
0,2264213,Gurvich,2.6456201e+002,1,1
0,2314489,,,1,1
0,2314978,webbook,3.0762000e+002,1,1
0,2348552,,,1,1
0,2396012,,,1,1
0,2465567,2005Rus/Bog:573,1.9443600e+002,1,1
0,2465567,2005Rus/Bog:573,1.8922000e+002,2,1
0,2516349,,,1,1
0,2551624,JANAF,2.9153500e+002,1,1
0,2597435,2005Rus/Bog:573,2.4417000e+002,1,1
0,2597446,Gurvich,2.2433900e+002,1,1
0,2612466,,,1,1
0,2669898,1996Tsang,2.3283900e+002,1,1
0,2696926,Gurvich,2.6158301e+002,1,1
0,2699798,webbook,2.8360999e+002,1,1
0,2713099,webbook,2.3161000e+002,1,1
0,2781853,TRC,2.4360001e+002,1,1
0,2809690,,,1,1
0,2873509,,,1,1
0,2919235,,,1,1
0,2932787,,,1,1
0,2944050,JANAF,2.1055000e+002,1,1
0,3031730,,,1,1
0,3031752,,,1,1
0,3100047,TRC,2.8738000e+002,1,1
0,3170692,2005Rus/Bog:573,2.6744800e+002,1,1
0,3170807,1991Hud/Joh:4400,3.0323499e+002,1,1
0,3170830,Gurvich,2.2910201e+002,1,1
0,3315375,2005Rus/Bog:573,1.8303700e+002,1,1
1,3315375,webbook,1.7167101e+002,1,1
-1,3352576,,,1,1
0,3352576,Gurvich,1.8373700e+002,1,1
1,3352576,Gurvich,1.8274300e+002,1,1
0,3710847,,,1,1
0,3744078,Gurvich,2.4963200e+002,1,1
0,3889756,JANAF,2.1303000e+002,1,1
0,3889767,Gurvich,2.2455299e+002,1,1
0,4028562,,,1,1
0,4076362,,,1,1
0,4109960,JANAF,2.8673401e+002,1,1
0,4110503,,,1,1
0,4164287,,,1,1
0,4170303,,,1,1
0,4348350,,,1,1
0,4418615,,,1,1
0,4426113,,,1,1
0,4426486,,,1,1
0,4628211,,,1,1
0,4630459,1997See/Sla:1709,3.1600000e+002,1,1
0,4740005,,,1,1
0,4806615,,,1,1
0,4894615,,,1,1
0,5009278,TRC,2.6310001e+002,1,1
0,5145993,,,1,1
0,5164352,,,1,1
0,5194503,,,1,1
0,5194514,,,1,1
0,5296628,,,1,1
0,5500210,,,1,1
0,5765446,,,1,1
0,6004440,TRC,2.7789999e+002,1,1
0,6032297,,,1,1
0,6108618,,,1,1
0,6142730,TRC,2.6989001e+002,1,1
0,6163640,,,1,1
0,6569513,Gurvich,2.8763599e+002,1,1
0,6746947,,,1,1
0,6829523,JANAF,2.1506200e+002,1,1
0,6851930,,,1,1
0,6914074,Gurvich,2.0520700e+002,1,1
0,6921353,,,1,1
0,7175759,,,1,1
0,7285327,,,1,1
0,7318674,,,1,1
0,7319008,,,1,1
0,7429905,CODATA,1.6455400e+002,1,1
0,7439909,webbook,1.6410001e+002,1,1
0,7439932,CODATA,1.3878200e+002,1,1
0,7439954,CODATA,1.4864799e+002,1,1
0,7440019,webbook,1.4632800e+002,1,1
0,7440097,CODATA,1.6023199e+002,1,1
0,7440213,CODATA,1.6798100e+002,1,1
0,7440235,CODATA,1.5371800e+002,1,1
0,7440326,CODATA,1.8029800e+002,1,1
0,7440371,webbook,1.5484599e+002,1,1
0,7440417,CODATA,1.3627499e+002,1,1
0,7440428,CODATA,1.5343600e+002,1,1
0,7440440,CODATA,1.5810001e+002,1,1
-1,7440508,Webbook,1.6063000e+002,1,1
0,7440508,CODATA,1.6628900e+002,1,1
1,7440508,Webbook,2.2231000e+002,1,1
0,7440553,webbook,1.6903000e+002,1,1
1,7440553,webbook,1.6178999e+002,1,1
0,7440564,CODATA,1.6790401e+002,1,1
0,7440597,webbook,1.2615300e+002,1,1
1,7440597,Webbook,1.3191000e+002,1,1
-1,7440666,Webbook,1.6099001e+002,1,1
0,7440666,,,1,1
1,7440666,Webbook,1.6675000e+002,1,1
-1,7440702,Webbook,1.7539999e+002,1,1
0,7440702,CODATA,1.5488699e+002,1,1
1,7440702,Webbook,1.6064999e+002,1,1
0,7446084,2005Se,2.6259000e+002,1,1
-1,7446095,Webbook,-4.0360001e+002,1,1
0,7446095,CODATA,2.4822301e+002,1,1
-1,7446119,Webbook,-5.7909998e+002,1,1
0,7446119,Gurvich,2.5654099e+002,1,1
0,7446700,JANAF,3.1448999e+002,1,1
0,7447407,webbook,2.3909000e+002,1,1
0,7447418,JANAF,2.1291901e+002,1,1
0,7550358,webbook,2.2433000e+002,1,1
0,7550450,CODATA,3.5320001e+002,1,1
0,7553562,Gurvich,2.6068399e+002,1,1
0,7572294,webbook,2.7203000e+002,1,1
0,7580678,JANAF,1.7090900e+002,1,1
0,7611861,,,1,1
0,7611872,,,1,1
0,7616946,JANAF,2.7898401e+002,1,1
0,7631869,Gurvich,2.2871899e+002,1,1
0,7637072,CODATA,2.5442000e+002,1,1
0,7646697,JANAF,1.8838699e+002,1,1
0,7647010,CODATA,1.8690199e+002,1,1
0,7647145,JANAF,2.2979300e+002,1,1
0,7647156,webbook,2.4122000e+002,1,1
0,7647190,Gurvich,3.0101999e+002,1,1
0,7664393,CODATA,1.7377901e+002,1,1
0,7664417,CODATA,1.9277000e+002,1,1
0,7664939,Gurvich,2.9928201e+002,1,1
0,7681494,JANAF,2.1761000e+002,1,1
0,7693267,webbook,1.9802000e+002,1,1
0,7693278,,,1,1
0,7697372,Gurvich,2.6687601e+002,1,1
0,7698057,Gurvich,1.9277100e+002,1,1
-1,7704349,Webbook,7.8000000e+001,1,1
0,7704349,CODATA,1.6782899e+002,1,1
1,7704349,Webbook,1.6363000e+002,1,1
0,7719122,JANAF,3.1168201e+002,1,1
0,7722841,Gurvich,2.3451601e+002,1,1
-1,7723140,Webbook,2.4450000e+002,1,1
0,7723140,CODATA,1.6319901e+002,1,1
1,7723140,Webbook,1.6697000e+002,1,1
0,7726956,CODATA,2.4546800e+002,1,1
-1,7727379,Webbook,2.0453999e+002,1,1
0,7727379,CODATA,1.9160899e+002,1,1
1,7727379,Webbook,1.9764999e+002,1,1
-1,7732185,Webbook,-3.4000000e+001,1,1
0,7732185,CODATA,1.8883501e+002,1,1
0,7758023,,2.5053000e+002,1,1
0,7758896,JANAF,2.3720000e+002,1,1
0,7782390,JANAF,1.4496001e+002,1,1
0,7782414,CODATA,2.0279100e+002,1,1
-1,7782447,Webbook,-4.3220001e+001,1,1
0,7782447,CODATA,2.0515199e+002,1,1
1,7782447,Webbook,2.0622000e+002,1,1
-1,7782492,Webbook,3.2000000e+001,1,1
0,7782492,2005Se,1.7672900e+002,1,1
0,7782505,CODATA,2.2308099e+002,1,1
0,7782776,Gurvich,2.4910899e+002,1,1
0,7782798,Gurvich,2.3933099e+002,1,1
0,7783064,CODATA,2.0581000e+002,1,1
0,7783075,2005Se,2.1900000e+002,1,1
0,7783406,Gurvich,2.4755200e+002,1,1
0,7783417,Gurvich,2.4750101e+002,1,1
0,7783428,webbook,2.7913000e+002,1,1
0,7783542,JANAF,2.6077301e+002,1,1
0,7783553,JANAF,2.7306400e+002,1,1
0,7783586,CODATA,3.0189999e+002,1,1
0,7783600,Gurvich,2.9670001e+002,1,1
0,7783611,CODATA,2.8276001e+002,1,1
0,7784181,JANAF,2.7669000e+002,1,1
0,7784216,Gurvich,2.0657500e+002,1,1
0,7784421,1993Jor/Rob:215,2.2280600e+002,1,1
0,7786303,Gurvich,3.9233002e+001,1,1
0,7787475,Gurvich,2.5025800e+002,1,1
0,7787497,Gurvich,2.2727901e+002,1,1
0,7787522,JANAF,1.7310001e+002,1,1
0,7787715,Gurvich,2.9576999e+002,1,1
0,7789200,Gurvich,1.9833600e+002,1,1
0,7789211,JANAF,2.9726700e+002,1,1
0,7789233,webbook,2.2660001e+002,1,1
0,7789244,JANAF,2.0027800e+002,1,1
0,7789255,Gurvich,2.4821800e+002,1,1
0,7789266,Gurvich,2.9316501e+002,1,1
0,7789302,Gurvich,3.2324600e+002,1,1
0,7789335,webbook,2.5895001e+002,1,1
0,7789608,webbook,3.4822000e+002,1,1
0,7789755,Gurvich,2.7439099e+002,1,1
0,7790898,JANAF,2.1793800e+002,1,1
0,7790912,Gurvich,2.8214700e+002,1,1
0,7790923,JANAF,2.3650400e+002,1,1
0,7790990,webbook,2.4756000e+002,1,1
0,7791211,JANAF,2.7172000e+002,1,1
0,7791255,JANAF,3.1109500e+002,1,1
0,7803498,Gurvich,2.3617700e+002,1,1
0,7803512,JANAF,2.1024300e+002,1,1
0,7803625,Gurvich,2.0420500e+002,1,1
-1,10024972,Webbook,6.0200001e+001,1,1
0,10024972,Gurvich,2.2000500e+002,1,1
1,10024972,Webbook,2.3386000e+002,1,1
0,10025679,JANAF,3.2719000e+002,1,1
0,10025782,JANAF,3.1371701e+002,1,1
0,10025873,JANAF,3.2545401e+002,1,1
0,10026047,Gurvich,3.3144601e+002,1,1
0,10026138,JANAF,3.6428799e+002,1,1
-1,10028156,Webbook,-6.1130001e+001,1,1
0,10028156,Gurvich,2.3900500e+002,1,1
0,10034852,webbook,2.0659000e+002,1,1
0,10035106,CODATA,1.9859100e+002,1,1
0,10043115,Gurvich,2.1277800e+002,1,1
0,10043353,webbook,2.9523001e+002,1,1
0,10043524,Gurvich,2.8639099e+002,1,1
0,10049044,JANAF,2.5684000e+002,1,1
0,10060114,Gurvich,2.9582501e+002,1,1
0,10097286,JANAF,2.1157899e+002,1,1
-1,10097322,Gurvich,1.6349100e+002,1,1
0,10097322,CODATA,1.7501801e+002,1,1
1,10097322,Webbook,1.7687000e+002,1,1
0,10102031,webbook,3.4654999e+002,1,1
0,10102439,JANAF,2.1075800e+002,1,1
1,10102439,Webbook,1.9822000e+002,1,1
-1,10102440,Webbook,2.3660001e+002,1,1
0,10102440,Gurvich,2.4016600e+002,1,1
0,10294334,webbook,3.2419000e+002,1,1
0,10294345,JANAF,2.9017001e+002,1,1
0,10325390,Gurvich,2.6823901e+002,1,1
0,10544500,JANAF,4.3031000e+002,1,1
0,10544726,Gurvich,3.0444601e+002,1,1
0,10544737,Gurvich,3.1473499e+002,1,1
0,10545990,webbook,2.8160001e+002,1,1
0,11128248,Gurvich,2.2578700e+002,1,1
-1,12011540,Webbook,5.9400000e+002,1,1
0,12011540,webbook,2.0856000e+002,1,1
0,12032369,Gurvich,2.2544501e+002,1,1
0,12033497,JANAF,2.5261900e+002,1,1
0,12033566,Gurvich,2.2209300e+002,1,1
0,12033602,Gurvich,2.1680800e+002,1,1
0,12057248,webbook,2.2911000e+002,1,1
0,12061700,Gurvich,2.1627699e+002,1,1
-1,12070154,Webbook,5.2700000e+002,1,1
0,12070154,Gurvich,1.9709500e+002,1,1
0,12075353,webbook,2.3727000e+002,1,1
0,12141116,Gurvich,2.3261700e+002,1,1
-1,12142777,Webbook,1.9920000e+002,1,1
0,12142777,JANAF,2.1096300e+002,1,1
0,12164975,Gurvich,2.5368300e+002,1,1
0,12177672,Gurvich,2.3885001e+002,1,1
0,12184804,JANAF,2.2830000e+002,1,1
0,12185090,CODATA,2.1812300e+002,1,1
0,12185103,CODATA,2.8001001e+002,1,1
0,12185170,2005Se,2.4738000e+002,1,1
0,12190704,webbook,2.4171001e+002,1,1
0,12228396,JANAF,2.1619000e+002,1,1
0,12251900,Gurvich,2.3061600e+002,1,1
0,12258989,JANAF,3.2543201e+002,1,1
0,12281366,Gurvich,2.3406500e+002,1,1
0,12326851,Gurvich,2.1625400e+002,1,1
-1,12385136,Webbook,1.0896000e+002,1,1
0,12385136,CODATA,1.1471700e+002,1,1
1,12385136,Webbook,1.0895000e+002,1,1
-1,12401864,Webbook,2.1748000e+002,1,1
0,12401864,JANAF,2.2913000e+002,1,1
1,12401864,webbook,2.1748000e+002,1,1
0,12504415,JANAF,2.2380000e+002,1,1
0,12505770,Gurvich,2.0346600e+002,1,1
0,12595856,webbook,2.5719000e+002,1,1
0,12596600,webbook,2.2647000e+002,1,1
0,12597034,Gurvich,2.7629001e+002,1,1
0,12597352,Gurvich,2.3800400e+002,1,1
0,12628089,1993Jor/Rob:215,2.0811600e+002,1,1
0,12640890,2005Se,2.3370000e+002,1,1
0,13283313,Gurvich,1.8768600e+002,1,1
0,13444876,webbook,2.7353000e+002,1,1
0,13444901,Gurvich,2.7223401e+002,1,1
0,13445506,,,1,1
0,13453526,Gurvich,2.3487100e+002,1,1
0,13463677,webbook,2.6014001e+002,1,1
0,13465071,TRC,2.5239999e+002,1,1
0,13465786,JANAF,2.5076100e+002,1,1
0,13478201,Gurvich,2.8541699e+002,1,1
0,13478416,JANAF,2.2649001e+002,1,1
0,13497966,Gurvich,3.1137799e+002,1,1
0,13517118,,,1,1
0,13536942,JANAF,2.1528400e+002,1,1
0,13537332,JANAF,2.3840199e+002,1,1
0,13550497,JANAF,2.0393100e+002,1,1
0,13569329,Gurvich,2.8161301e+002,1,1
0,13587547,Gurvich,1.8966600e+002,1,1
0,13595818,JANAF,2.2795700e+002,1,1
1,13595818,webbook,2.3217999e+002,1,1
0,13595829,JANAF,2.1516000e+002,1,1
1,13595829,webbook,2.2006000e+002,1,1
0,13597961,JANAF,2.0575101e+002,1,1
0,13597972,JANAF,1.7682201e+002,1,1
1,13597972,Webbook,1.7066000e+002,1,1
0,13598226,JANAF,2.1028999e+002,1,1
0,13637633,Webbook,-2.3849001e+002,1,1
0,13701672,Gurvich,3.7126599e+002,1,1
0,13709358,Webbook,-3.3644000e+002,1,1
0,13709836,Gurvich,2.4431799e+002,1,1
0,13765430,Gurvich,2.1260600e+002,1,1
0,13765441,1991Set/Fen:1658,2.1730000e+002,1,1
-1,13766262,Webbook,4.1700000e+002,1,1
0,13766262,JANAF,1.7185001e+002,1,1
0,13766284,Gurvich,2.4966400e+002,1,1
0,13768600,Gurvich,2.0045000e+002,1,1
0,13770224,JANAF,2.4025000e+002,1,1
0,13770406,2005Rus/Bog:573,1.9486800e+002,1,1
-1,13774920,Webbook,3.2089999e+002,1,1
0,13774920,Gurvich,1.8122400e+002,1,1
0,13774942,Gurvich,1.9805200e+002,1,1
1,13774942,webbook,1.8678999e+002,1,1
0,13776620,Gurvich,2.6209900e+002,1,1
0,13780239,JANAF,2.0148399e+002,1,1
0,13780579,webbook,3.1989999e+002,1,1
0,13812436,Gurvich,2.6650101e+002,1,1
-1,13814250,Webbook,2.6741000e+002,1,1
0,13814250,1995Iri:5357,2.5760001e+002,1,1
1,13814250,Webbook,2.6353000e+002,1,1
0,13814501,JANAF,2.1760001e+002,1,1
1,13814501,webbook,2.1295000e+002,1,1
0,13814658,Gurvich,2.9812900e+002,1,1
0,13817066,Gurvich,2.3567999e+002,1,1
-1,13825906,Webbook,1.6500000e+002,1,1
0,13825906,Gurvich,2.0748100e+002,1,1
0,13827264,webbook,2.2964999e+002,1,1
-1,13827322,Webbook,-1.0400000e+002,1,1
0,13827322,JANAF,2.2199400e+002,1,1
-1,13840885,Webbook,-7.0300000e+002,1,1
0,13840885,Gurvich,2.3012700e+002,1,1
0,13845120,webbook,4.7495999e+002,1,1
0,13847659,Gurvich,2.7772601e+002,1,1
0,13863417,Gurvich,2.4004601e+002,1,1
0,13863597,Gurvich,2.2898500e+002,1,1
0,13873842,webbook,2.3627000e+002,1,1
0,13940211,Gurvich,1.9555200e+002,1,1
0,13952846,,,1,1
0,13965736,Gurvich,3.2620001e+002,1,1
0,13966579,Gurvich,2.3783701e+002,1,1
-1,13967061,Webbook,1.9039999e+002,1,1
0,13967061,Gurvich,2.1301700e+002,1,1
0,13967141,JANAF,1.9634399e+002,1,1
0,13967221,Gurvich,1.8786000e+002,1,1
0,13967298,webbook,2.3545000e+002,1,1
0,13983205,Gurvich,1.4379900e+002,1,1
0,14034798,Gurvich,2.2675301e+002,1,1
-1,14332286,Webbook,7.4500000e+001,1,1
0,14332286,Gurvich,2.2091400e+002,1,1
0,14332537,Gurvich,1.9319501e+002,1,1
0,14333267,Gurvich,1.7970300e+002,1,1
-1,14362448,Webbook,1.6925999e+002,1,1
0,14362448,CODATA,1.8078700e+002,1,1
1,14362448,Webbook,1.8264000e+002,1,1
0,14452596,JANAF,1.9699800e+002,1,1
0,14452609,JANAF,2.0639999e+002,1,1
-1,14452610,Webbook,7.0500000e+002,1,1
0,14452610,Gurvich,2.0206200e+002,1,1
0,14452643,Gurvich,1.9355099e+002,1,1
0,14452665,Gurvich,2.2274100e+002,1,1
-1,14457648,webbook,2.1275000e+002,1,1
0,14457648,JANAF,2.1838000e+002,1,1
1,14457648,webbook,2.3078999e+002,1,1
0,14457659,Gurvich,2.1331200e+002,1,1
0,14457853,,,1,1
0,14596920,,,1,1
0,14644452,1993Jor/Rob:215,2.2518700e+002,1,1
-1,14762948,Webbook,1.4558000e+002,1,1
0,14762948,CODATA,1.5875101e+002,1,1
1,14762948,Webbook,1.6175999e+002,1,1
0,14940637,Gurvich,1.9951199e+002,1,1
0,14953287,Gurvich,2.2109399e+002,1,1
1,14953287,webbook,2.1534000e+002,1,1
0,14989298,Gurvich,2.3342000e+002,1,1
1,14989298,webbook,2.2856000e+002,1,1
0,14989301,JANAF,2.2664799e+002,1,1
0,14989323,JANAF,2.3732001e+002,1,1
1,14989323,webbook,2.3666000e+002,1,1
0,15117847,JANAF,2.0429100e+002,1,1
0,15499237,JANAF,2.5950000e+002,1,1
0,15606710,webbook,2.4150000e+002,1,1
0,15626434,Gurvich,2.1832800e+002,1,1
0,15892236,,,1,1
-1,16027922,webbook,2.2519000e+002,1,1
0,16027922,JANAF,2.2496800e+002,1,1
1,16027922,webbook,2.2403999e+002,1,1
-1,16068965,webbook,2.1895000e+002,1,1
0,16068965,Gurvich,2.2527901e+002,1,1
1,16068965,webbook,2.2538000e+002,1,1
0,16529661,,,1,1
0,16668670,,,1,1
0,16668681,,,1,1
0,16681779,,,1,1
0,16681780,,,1,1
0,16860994,webbook,2.9279999e+002,1,1
-1,16873179,Webbook,1.1759000e+002,1,1
0,16873179,Gurvich,1.2335000e+002,1,1
1,16873179,Webbook,1.1758000e+002,1,1
0,16955354,,,1,1
0,17167554,Gurvich,2.3688000e+002,1,1
0,17376099,JANAF,2.6932001e+002,1,1
0,17739478,Gurvich,2.1113200e+002,1,1
-1,17778802,Webbook,1.0830000e+002,1,1
0,17778802,CODATA,1.6105901e+002,1,1
1,17778802,Webbook,1.5496001e+002,1,1
-1,17778880,Webbook,1.5992999e+002,1,1
0,17778880,CODATA,1.5330099e+002,1,1
1,17778880,Webbook,1.5978999e+002,1,1
0,18936179,,,1,1
0,19165345,webbook,3.1813000e+002,1,1
0,19287457,Gurvich,2.3249100e+002,1,1
0,19961296,webbook,2.2496001e+002,1,1
0,20237347,,,1,1
0,20583555,Gurvich,2.1324200e+002,1,1
1,20583555,webbook,2.1908000e+002,1,1
0,20611590,Gurvich,2.0269099e+002,1,1
0,20768687,Gurvich,2.1705400e+002,1,1
0,20901217,Gurvich,2.6696100e+002,1,1
-1,22537151,Webbook,1.5336000e+002,1,1
0,22537151,CODATA,1.6519000e+002,1,1
1,22537151,Webbook,1.6755000e+002,1,1
0,23550450,CODATA,2.2816701e+002,1,1
0,24304005,Gurvich,2.2843401e+002,1,1
0,24599573,Webbook,-7.0000000e+001,1,1
0,25681792,JANAF,2.3024300e+002,1,1
0,25681805,webbook,2.4971001e+002,1,1
0,25899507,,,1,1
0,26294984,,,1,1
0,29904798,JANAF,2.4019000e+002,1,1
0,30664121,Gurvich,2.6089999e+002,1,1
0,30830207,,,1,1
0,30842901,,,1,1
0,30937383,1995Iri:5357,2.9439999e+002,1,1
0,32038792,Webbook,4.1599998e+001,1,1
0,32746319,webbook,2.0821001e+002,1,1
-1,32752946,Webbook,3.6000000e+002,1,1
0,32752946,Gurvich,2.4383900e+002,1,1
0,37279111,webbook,2.0877000e+002,1,1
0,37765154,,,1,1
0,39594917,JANAF,2.9168600e+002,1,1
0,59660649,,,1,1
0,59660650,,,1,1
0,61183537,,,1,1
0,62957602,,,1,1
