A,B,charge,C,symno,casno,SQUIB,state,polyatomic,config
3.126396000000000e+000,3.115608700000000e-001,0,2.996209400000000e-001,1,204,1973Tho:70,1,poly,1
9.405300000000000e+000,1.295300000000000e+000,0,1.134200000000000e+000,2,50000,1966Herzberg,1,poly,1
8.874000000000001e+000,1.342000000000000e+000,1,1.148000000000000e+000,2,50000,2008Sch/Mei:44,1,poly,1
5.712950000000000e-002,5.712950000000000e-002,0,5.712950000000000e-002,12,56235,1984Yam/Tak:3800,1,poly,1
3.449640000000000e-001,1.292960000000000e-001,0,9.714600000000000e-002,0,56406,1991Iij/Tan:257,1,poly,1
1.689880100000000e-001,1.034361200000000e-001,0,7.552034000000001e-002,,56417,1993God/Fir:9687,1,poly,1
1.433596438200000e-001,1.055879130000000e-001,0,8.474009042610001e-002,1,56815,1997Mac/Cam:4115,1,poly,1
3.747026000000000e-001,3.458860000000000e-001,0,1.806783000000000e-001,2,57136,1997God/Bro:405,1,poly,1
3.816700000000000e-001,3.127300000000000e-001,0,1.696600000000000e-001,1,60355,2001Sue/Gol:188,1,poly,1
1.877098000000000e-001,8.652086000000001e-002,0,5.927567000000000e-002,2,62533,1986Rou/Non:180,1,poly,1
3.529713846000000e-001,1.715625297000000e-001,0,1.155395056600000e-001,1,62566,2004Les/Mat:6191,1,poly,1
1.134645288508230e+000,3.064999387009260e-001,0,2.701863500515410e-001,1,64175,1980Kak/Qua:4300,1,poly,1
2.585480000000000e+000,4.021120000000000e-001,0,3.474470000000000e-001,1,64186,1966Herzberg,1,poly,1
3.777291000000000e-001,3.166921000000000e-001,0,1.776612300000000e-001,1,64197,2003Ily/Ale:170,1,poly,1
4.257304000000000e+000,8.233756000000000e-001,0,7.927270000000000e-001,1,67561,1984Her/Mes:42,1,poly,1
2.831620000000000e-001,2.682400000000000e-001,0,1.589490000000000e-001,,67630,1970Kon/Hir:97,1,poly,1
3.390700000000000e-001,2.840400000000000e-001,0,1.637800000000000e-001,2,67641,1966Herzberg,1,poly,1
1.101450000000000e-001,1.101450000000000e-001,0,5.932176000000000e-002,3,67663,1995Car/Seo:215,1,poly,1
2.347126700000000e-001,2.305185000000000e-001,0,1.407231530000000e-001,2,67685,1969Fed/Dre:266,1,poly,1
1.547120000000000e-001,1.432804500000000e-001,0,1.393340500000000e-001,2,67710,1972Sai/Mak:92,1,poly,1
4.780170000000000e-001,1.707680000000000e-001,0,1.442430000000000e-001,1,71238,1970Abd/Rah:123,1,poly,1
1.896000000000000e-001,1.896000000000000e-001,0,9.480000000000000e-002,12,71432,1966Herzberg,1,poly,1
,7.914140000000000e-002,0,,3,71556,1952Gho/Tra:605,1,poly,1
5.241200000000000e+000,5.241200000000000e+000,0,5.241200000000000e+000,12,74828,1966Herzberg,1,poly,1
5.246310000000000e+000,3.219200000000000e-001,0,3.219200000000000e-001,3,74839,1981Gra:394,1,poly,1
2.519673680000000e+000,6.834083000000000e-001,0,6.834083000000000e-001,6,74840,1998Kuc,1,poly,1
4.828000000000000e+000,1.001200000000000e+000,0,8.282000000000001e-001,4,74851,1966Herzberg,1,poly,1
,1.176600000000000e+000,0,,2,74862,1966Herzberg,1,linear,1
5.097000000000000e+000,4.434010000000000e-001,0,4.434010000000000e-001,3,74873,1966Herzberg,1,poly,1
5.173400000000000e+000,2.502088000000000e-001,0,2.502088026100000e-001,3,74884,1975mal:94,1,poly,1
3.440000000000000e+000,7.546000000000001e-001,0,7.237000000000000e-001,1,74895,1966Herzberg,1,poly,1
,1.478220000000000e+000,0,,1,74908,1966Herzberg,1,linear,1
3.425411012000000e+000,4.318765190000000e-001,0,4.131606290000000e-001,1,74931,1999Bet/Sas:789,1,poly,1
8.683111700000000e-001,4.131313740000000e-002,0,3.972554900000000e-002,2,74953,1985Dav/Ger:269,1,poly,1
9.742527000000000e-001,2.817310000000000e-001,0,2.488050000000000e-001,2,74986,1960Lide:1514,1,poly,1
5.210000000000000e+000,2.850580000000000e-001,0,2.850580000000000e-001,3,74997,1966Herzberg,1,poly,1
1.045301000000000e+000,1.832500000000000e-001,0,1.655250000000000e-001,1,75003,1962Sch/Jac:1245,1,poly,1
1.873235000000000e+000,2.011380000000000e-001,0,1.816350000000000e-001,1,75014,1966Herzberg,1,poly,1
2.154312700000000e+000,3.548057600000000e-001,0,3.041473000000000e-001,1,75025,1989Hay/Ina:135,1,poly,1
5.280000000000000e+000,3.068420000000000e-001,0,3.068420000000000e-001,3,75058,1966Herzberg,1,poly,1
1.887700000000000e+000,3.390100000000000e-001,0,3.035400000000000e-001,1,75070,1966Herzberg,1,poly,1
1.067481490000000e+000,1.107526790000000e-001,0,1.022450620000000e-001,2,75092,1989Tul/Niv:355,1,poly,1
1.592128000000000e+000,3.537826000000000e-001,0,3.085413000000000e-001,2,75105,1978Hir:409,1,poly,1
2.425555349000000e+000,3.793874630000000e-001,0,3.280175910000000e-001,0,75127,1974Hir/Sug:251,1,poly,1
3.063777000000000e+001,3.693000000000000e-001,0,3.641000000000000e-001,1,75138,1997Bro/Ber:9764,1,poly,1
,1.091000000000000e-001,0,,2,75150,1966Herzberg,1,linear,1
5.940600000000000e-001,2.542100000000000e-001,0,1.907300000000000e-001,2,75183,1966Herzberg,1,poly,1
6.702409100000000e-001,6.702409100000000e-001,0,4.176989700000000e-001,6,75194,NISThydrocarbon,1,poly,1
8.550040000000000e-001,7.378700000000000e-001,0,4.702600000000000e-001,2,75218,1966Herzberg,1,poly,1
,4.161579008101660e-002,0,,3,75252,1952Wil/Cox:1524,1,poly,1
2.597890000000000e-001,2.517110000000000e-001,0,1.478020000000000e-001,3,75285,1960Lide:1519,1,poly,1
2.691225000000000e-001,1.524661000000000e-001,0,1.069930000000000e-001,1,75296,1963Tob/Sch:1014,1,poly,1
2.779209000000000e-001,2.660924000000000e-001,0,1.546770000000000e-001,1,75310,1977Meh/Gri:244,1,poly,1
2.145333000000000e-001,1.072778000000000e-001,0,7.583296000000001e-002,1,75343,1997Sug/Kat:487,1,poly,1
2.490700000000000e-001,1.137900000000000e-001,0,7.802000000000001e-002,2,75354,1966Herzberg,1,poly,1
3.389808000000000e-001,1.650030000000000e-001,0,1.131810000000000e-001,1,75365,1994Dur/Dav:189,1,poly,1
3.166170000000000e-001,2.989620000000000e-001,0,1.724670000000000e-001,1,75376,1954Sol/Dai:2042,1,poly,1
3.666911060000000e-001,3.473101620000000e-001,0,1.783687970000000e-001,2,75387,1949Rob/Edg:742,1,poly,1
2.641400000000000e-001,1.159100000000000e-001,0,8.046399999999999e-002,2,75445,1966Herzberg,1,poly,1
3.413930012800000e-001,1.621536022000000e-001,0,1.169958585100000e-001,1,75456,1993Caz/Cot:127,1,poly,1
3.451968000000000e-001,3.451968000000000e-001,0,1.892460000000000e-001,3,75467,"1949Gil/Edw:1014, 1981Mee/Ozi:596",1,poly,1
4.450372500000000e-001,3.517224900000000e-001,0,1.959942600000000e-001,1,75525,1998Hal/Hal:9124,1,poly,1
6.012066000000000e-001,2.228920000000000e-001,0,1.985200000000000e-001,1,75569,1957Swa/Her:100,1,poly,1
,6.998478260000000e-002,0,,3,75638,1980Cox/Dux:339,1,poly,1
1.493751300000000e-001,1.000347200000000e-001,0,9.906929700000000e-002,,75661,1974Val/Woo:4119,1,poly,1
8.223660000000001e-002,8.223660000000001e-002,0,,3,75694,1960Lon/Wil:508,1,poly,1
1.373908410000000e-001,8.801670100000000e-002,0,7.450791700000001e-002,2,75718,2000Bas/Dyu:26,1,poly,1
1.913000000000000e-001,1.112634590000000e-001,0,1.112634590000000e-001,3,75729,"1985Haj/Pas:233, 1982Car/Mus:286",1,poly,1
1.040881121800000e-001,1.040881121800000e-001,0,1.040881121800000e-001,12,75763,,1,poly,1
,5.903407349894040e-002,0,,3,75796,1977Tak/Mat:1633,1,poly,1
9.548616000000000e-002,6.184950000000000e-002,0,6.184950000000000e-002,0,76164,JANAF,1,poly,1
2.844309378850000e-001,1.392806550000000e-001,0,9.513815054013131e-002,,78795,NISThydrocarbon,1,poly,1
3.122059528200000e-001,1.338764165900000e-001,0,9.522417672028290e-002,1,78808,NISThydrocarbon,1,poly,1
2.496765000000000e-001,1.368518000000000e-001,0,9.925690000000000e-002,1,78831,1989Dur/Gui:738,1,poly,1
3.183745870000000e-001,1.199780020000000e-001,0,9.161371200000000e-002,,78933,1991Dur/Fen:1827,1,poly,1
1.316213390000000e-001,5.114820800000000e-002,0,3.680810600000000e-002,1,79016,1998Kis/Bia:10263,1,poly,1
3.580086590000000e-001,1.407207200000000e-001,0,1.010947200000000e-001,1,79061,2000Mar/Mol:69,1,poly,1
1.040520700000000e-001,4.112689200000000e-002,0,2.948380720000000e-002,4,91203,2003Kab/Kas:3691,1,poly,1
1.259208462000000e-001,5.273178000000000e-002,0,3.743393000000000e-002,1,95136,NISTHydrocarbon,1,poly,1
1.230197725654000e-001,4.052963867423200e-002,0,3.068519488905800e-002,1,98862,1998Ond/Koh:19,1,poly,2
,,0,,2,98953,,1,poly,1
1.722319846000000e-001,5.154132000000000e-002,0,3.973495560000000e-002,0,100425,1988Cam/Vog:384,1,poly,1
1.886872000000000e-001,5.159702850100000e-002,0,4.050835728490000e-002,2,100470,1962Bak/Chr:2027,1,poly,1
1.745996225161870e-001,5.217856410000000e-002,0,4.018383277000000e-002,1,100527,2005Des/Psz:1708,1,poly,1
1.677441845451630e-001,5.234834827000000e-002,0,4.022201299000000e-002,1,100663,2005Des/Psz:1708,1,poly,1
,,0,,1,106898,,1,poly,1
,,0,,,106978,,1,poly,1
5.104384247000000e-001,1.859605153900000e-001,0,1.435368630000000e-001,1,106989,NISThydrocarbon,1,poly,1
1.370000000000000e+000,,0,,2,106990,,1,poly,1
9.055517630000000e-001,1.516539600000000e-001,0,1.363232600000000e-001,1,107006,1983Lan/Sue:210,1,poly,1
1.579536066914670e+000,1.554221887730000e-001,0,1.415242407465770e-001,1,107028,1966Che/Cos:104,1,poly,1
,,0,,,107039,,1,poly,1
3.313498000000000e-001,7.561638000000000e-002,0,6.547045999999999e-002,2,107062,1997Sug/Kat:487,1,poly,1
,,0,,,107108,,1,poly,1
1.637006000000000e+000,1.658257000000000e-001,0,1.505730000000000e-001,1,107131,1954Wil/Gol:516,1,poly,1
,,0,,2,107153,,1,poly,1
8.536630000000000e-001,1.442100000000000e-001,0,1.410380000000000e-001,1,107186,1986Van/Pyc:33,1,poly,1
,,0,,2,107211,,1,poly,1
1.845400000000000e+000,1.599000000000000e-001,0,1.472000000000000e-001,2,107222,1966Herzberg,1,poly,1
1.488142000000000e+000,1.413555000000000e-001,0,1.325520000000000e-001,1,107299,1969Rog/Sch:397,1,poly,1
6.666515270000000e-001,2.306472000000000e-001,0,1.769380700000000e-001,1,107313,1959Cur:1529,1,poly,1
,,0,,,107835,,1,poly,1
,,0,,,107879,,1,poly,1
,,0,,,107880,,1,poly,1
2.424292700000000e-001,7.789287000000000e-002,0,6.627183700000000e-002,1,107959,1995McG/God:1043,1,poly,1
,,0,,,107971,,1,poly,1
2.296255200000000e-001,8.272389560910000e-002,0,6.080873455400000e-002,2,108316,2010Vog/Alt:153,1,poly,1
1.890464500000000e-001,3.318609169000000e-002,0,2.822786155610000e-002,2,108861,1965Ros/Dai:2093,1,poly,1
1.911097000000000e-001,8.397299300000000e-002,0,5.833609000000000e-002,1,108883,1981Ami/Cho:42,1,poly,1
1.892265700000000e-001,5.259555262000000e-002,0,4.115050000000000e-002,2,108907,1976Rou/Mic:399,1,poly,1
1.399406785610000e-001,8.347865100000000e-002,0,5.852191900000000e-002,1,108941,1981Alo:63,1,poly,1
1.884809000000000e-001,8.736830900000001e-002,0,5.970303600000000e-002,1,108952,1979Lar:175,1,poly,1
,,0,,,109660,,1,poly,1
6.039714915000000e-001,7.086665936000000e-002,0,6.979028100000000e-002,1,109671,2000Fra/Xu:109671,1,poly,1
,,0,,,109693,,1,poly,1
,,0,,,109739,,1,poly,1
7.894815000000000e-001,7.565769999999999e-002,0,7.181470000000000e-002,1,109740,1962Hirota:2918,1,poly,1
6.965746300000000e-001,9.814212999999999e-002,0,8.728298000000000e-002,2,109773,1990Ran/Cox:1981,1,poly,1
,,0,,,109808,,1,poly,1
,,0,,,109875,,1,poly,1
,,0,,,109922,,1,poly,1
,,0,,2,109933,,1,poly,1
5.919629000000000e-001,9.689140000000000e-002,0,8.603089999999999e-002,1,109944,1967RIv/Wil:4605,1,poly,1
3.045600000000000e-001,3.002500000000000e-001,0,1.511700000000000e-001,1,109977,1966Herzberg,1,poly,1
2.367261020000000e-001,2.326949800000000e-001,0,1.336928230000000e-001,2,109999,1969Eng/Lun:2446,1,poly,1
3.151170000000000e-001,3.084340000000000e-001,0,1.558040000000000e-001,2,110009,1966Herzberg,1,poly,1
2.008218298800000e-001,1.458976663000000e-001,0,9.343243717999999e-002,,110010,1979Mam/Poz:949,1,poly,1
2.682450000000000e-001,1.807290000000000e-001,0,1.079340000000000e-001,2,110021,1966Herzberg,1,poly,1
,,0,,,110543,,1,poly,1
,,0,,,110565,,1,poly,1
,,0,,,110598,,1,poly,1
,,0,,2,110612,,1,poly,1
,,0,,,110634,,1,poly,1
,,0,,,110667,,1,poly,1
,,0,,,110714,,1,poly,1
,,0,,,110827,,1,poly,1
1.580816200000000e-001,1.515857000000000e-001,0,8.547296400000000e-002,2,110838,NISThydrocarbon,1,poly,1
2.014476000000000e-001,1.936308720000000e-001,0,9.870861100000000e-002,2,110861,2000Mar/Fav:8567,1,poly,1
,,0,,,110872,,1,poly,1
,,0,,3,110883,,1,poly,1
1.506784700000000e-001,1.480103600000000e-001,0,8.482498248800000e-002,1,110894,1981Par/Buc:465,1,poly,1
1.499159795400000e-001,1.466104590000000e-001,0,8.457887889000000e-002,1,110894,1981Par/Buc:465,1,poly,2
1.537000000000000e+000,3.103900000000000e-001,0,2.713200000000000e-001,1,115071,1966Herzberg,1,poly,1
1.293840000000000e+000,3.354500000000000e-001,0,2.964400000000000e-001,2,115106,1966Herzberg,1,poly,1
3.046550000000000e-001,2.795850000000000e-001,0,1.539730000000000e-001,2,115117,1961Laurie:1516,1,poly,1
,,0,,,116110,,1,poly,1
,,0,,4,116143,,1,poly,1
2.209000000000000e-001,1.117950000000000e-001,0,8.040230000000000e-002,1,120923,1969Kim/Gwi:1815,1,poly,1
8.706302080000000e-001,1.371176690000000e-001,0,1.321839260000000e-001,1,123386,1988Ran/Har:1199,1,poly,1
,,0,,,123513,,1,poly,1
,,0,,,123728,,1,poly,1
2.279755816900000e-001,2.227488990000000e-001,0,1.296918216000000e-001,1,123751,1984Cam/Obe:217,1,poly,1
,,0,,,123911,,1,poly,1
,3.902100000000000e-001,0,,2,124389,1966Herzberg,1,linear,1
1.142197513000000e+000,3.113497270000000e-001,0,2.740555930000000e-001,1,124403,1968Wol/Lau:5058,1,poly,1
,,0,,4,127184,,1,poly,1
,,0,,,137326,,1,poly,1
,,0,,,141786,,1,poly,1
2.432889760000000e-001,2.410661040000000e-001,0,1.317368030000000e-001,,142290,1968Sch:3552,1,poly,1
,,0,,,142687,,1,poly,1
,,0,,1,151188,,1,poly,1
7.583953000000000e-001,7.069017000000000e-001,0,4.464112000000000e-001,1,151564,1971Bak/Ska:385,1,poly,1
3.842100000000000e-001,8.489700000000000e-002,0,6.946700000000000e-002,2,156592,1966Herzberg,1,poly,1
,,0,,2,156605,,1,poly,1
9.665607398000000e-001,8.357909390000000e-001,0,4.930040300000000e-001,2,157266,1978Sue/Lov:5117,1,poly,1
5.774655000000000e-001,3.106653000000000e-001,0,2.799777000000000e-001,2,157335,1966Har/Cox:5049,1,poly,1
,1.394736000000000e-001,0,,4,157404,,1,poly,1
3.035667420000000e-001,2.039440890000000e-001,0,1.595000000000000e-001,,185944,NISThydrocarbon,1,poly,1
1.122000000000000e-001,1.122000000000000e-001,0,1.122000000000000e-001,24,277101,1984Pin/Mak:891,1,poly,1
1.232267991200000e-001,1.071596671000000e-001,0,9.259115517842000e-002,2,279232,NISThydrocarbon,1,poly,1
1.848930000000000e-001,1.413250000000000e-001,0,1.043068260000000e-001,1,285585,NISThydrocarbon,1,poly,1
,3.558200000000000e-001,0,,4,287230,1987Ega/Fuk:6018,1,poly,1
3.372700000000000e-001,2.226000000000000e-001,0,1.481000000000000e-001,1,287274,1965Whi/Bee:1839,1,poly,1
,,0,,,287923,,1,poly,1
,,0,,1,288131,,1,poly,1
3.264357000000000e-001,3.193908000000000e-001,0,1.613425000000000e-001,1,288142,1975Sti:2560,1,poly,1
,,0,,1,288324,,1,poly,1
,,0,,1,288426,,1,poly,1
,,0,,1,288880,,1,poly,1
,,0,,1,288948,,1,poly,1
2.083000000000000e-001,1.989000000000000e-001,0,1.018000000000000e-001,2,289805,1966Herzberg,1,poly,1
2.093700000000000e-001,2.023800000000000e-001,0,1.028800000000000e-001,2,289952,1966Herzberg,1,poly,1
2.138240000000000e-001,1.973040000000000e-001,0,1.026070000000000e-001,4,290379,1994Hew/She:4077,1,poly,1
2.146000000000000e-001,2.146000000000000e-001,0,1.073000000000000e-001,12,290879,1966Herzberg,1,poly,1
,8.090000000000001e-001,0,,2,302012,Gurvich,1,poly,1
9.112000000000000e+000,3.771090000000000e-001,0,3.617590000000000e-001,2,334883,1966Herzberg,1,poly,1
4.775870600000000e-001,5.794365200000000e-002,0,5.381489617000000e-002,2,352932,2001Plu/Sue:3057,1,poly,1
1.203175700000000e+000,3.123674000000000e-001,0,2.735139000000000e-001,1,353366,1955Kra/Dai:184,1,poly,1
3.940540000000000e-001,3.920370000000000e-001,0,1.961660000000000e-001,2,353504,1966Herzberg,1,poly,1
1.880896616818830e-001,9.858692976192220e-002,0,9.858692976192220e-002,3,353855,1993Cox/Ell:2937,1,poly,1
1.041119900000000e+001,3.378923400000000e-001,0,3.290918000000000e-001,1,420042,1986Bir/Win:382,1,poly,1
7.329904209931790e-001,3.610821323597140e-001,0,2.677265483443220e-001,2,420122,1974Oki:Hir:111,1,poly,1
,,0,,3,420462,,1,poly,1
,,0,,,431038,,1,poly,1
,1.464102100000000e-001,0,,2,460128,1992McN/Bru:11,1,linear,1
,1.571000000000000e-001,0,,2,460195,1966Herzberg,1,linear,1
1.889153000000000e-001,8.574732056800000e-002,0,5.897213064000000e-002,2,462066,1957Bak/Chr:134,1,poly,1
4.810000000000000e+000,2.963200000000000e-001,0,2.963200000000000e-001,4,463490,1966Herzberg,1,poly,1
9.369999999999999e+000,3.433470000000000e-001,0,3.307580000000000e-001,2,463514,1966Herzberg,1,poly,1
,2.028570000000000e-001,0,,1,463581,1966Herzberg,1,linear,1
,,0,,,463821,,1,poly,1
,,0,,2,471465,,1,poly,1
,,0,,1,471476,,1,poly,1
2.730600000000000e-001,1.268455000000000e-001,0,8.660778000000000e-002,2,497201,1972Bar/Bro:401,1,poly,1
,,0,,,497267,,1,poly,1
2.557974150000000e+000,1.106513000000000e-001,0,1.106513000000000e-001,6,503173,1976Hellwege(II/7),1,poly,1
4.017800000000000e-001,3.914040000000000e-001,0,2.245100000000000e-001,2,503300,1966Herzberg,1,poly,1
,,0,,,504632,,1,poly,1
,7.321000000000000e-002,0,,2,504643,1966Herzberg,1,linear,1
,,0,,,505226,,1,poly,1
,1.371720000000000e-001,0,1.371720000000000e-001,1,506683,JANAF,1,linear,1
,1.991657000000000e-001,0,,1,506774,1993Fav/Mel:165,1,linear,1
,,0,,,507200,,1,poly,1
,,0,,,513359,,1,poly,1
,,0,,,513440,,1,poly,1
,,0,,,513531,,1,poly,1
,,0,,,534156,,1,poly,1
1.894874887000000e-001,5.102683403700000e-002,0,4.019310250000000e-002,2,536743,NISThydrocarbon,1,poly,1
8.590356000000000e-001,7.937825000000000e-002,0,7.577480000000000e-002,1,540545,1984Yam/Sug:2315,1,poly,1
3.099628000000000e-001,7.469149999999999e-002,0,6.456323000000000e-002,2,540636,1984Nan/Chu:1051,1,poly,1
,,0,,,540670,,1,poly,1
,,0,,,541311,,1,poly,1
,,0,,,541355,,1,poly,1
,,0,,1,541413,,1,poly,1
2.516870000000000e-001,7.161650000000000e-002,0,5.991680000000000e-002,1,541424,1983End/Oka:327,1,poly,1
2.810640000000000e-001,2.743740000000000e-001,0,1.424830000000000e-001,2,542927,1966Herzberg,1,poly,1
,,0,,,543599,,1,poly,1
,,0,,,543679,,1,poly,1
,,0,,,554143,,1,poly,1
,,0,,,557175,,1,poly,1
3.682307444800000e-001,3.230785078650000e-001,0,1.775244792840000e-001,1,557993,1959Pie/Kri:875,1,poly,1
2.123984720122610e-002,2.123984720122610e-002,0,2.123984720122610e-002,12,558134,1995Kuchitsu(II/23),1,poly,1
,,0,,,563462,,1,poly,1
,,0,,,563520,,1,poly,1
,,0,,,563780,,1,poly,1
,,0,,,563791,,1,poly,1
,,0,,,563804,,1,poly,1
,,0,,,563837,,1,poly,1
5.356909278800000e-001,1.714235919830000e-001,0,1.363663391000000e-001,2,590181,NISThydrocarbon,1,poly,1
1.129448000000000e+000,1.401389000000000e-001,0,1.310276000000000e-001,1,590192,1957Lid/Man:874,1,poly,1
,,0,,,591935,,1,poly,1
,,0,,,591957,,1,poly,1
,,0,,,591968,,1,poly,1
,,0,,,591979,,1,poly,1
4.468758000000000e-001,4.172886000000000e-002,0,4.096100000000000e-002,1,592416,2000Fra/Sue:1141,1,poly,1
,,0,,,592427,,1,poly,1
1.692504000000000e-001,1.688617600000000e-001,0,9.011877400000000e-002,,592574,NISThydrocarbon,1,poly,1
5.182004000000000e+000,8.517942000000000e-001,0,8.517942000000000e-001,3,593533,1993Pap/Hsu:33,1,poly,1
,,0,,1,593544,,1,poly,1
1.810044900000000e+000,1.388461500000000e-001,0,1.288386980000000e-001,1,593602,1990Hay/Ike:299,1,poly,1
,1.896050366950000e-001,0,,1,593635,1978Jon/Tak:156,1,linear,1
1.394672170100000e+000,1.906645500060000e-001,0,1.732829339550000e-001,1,593704,1995Bla/Les:397,1,poly,1
,,0,,3,593759,,1,poly,1
1.403115684784840e+000,2.100413079771340e-001,0,1.891515229512540e-001,1,593782,1964Rig/But:2109,1,poly,1
,,0,,2,594207,,1,poly,1
,,0,,,594434,,1,poly,1
2.756570620000000e-001,1.205565344800000e-001,0,8.804385132000001e-002,,598254,NISThydrocarbon,1,poly,1
,,0,,1,598505,,1,poly,1
,,0,,,598538,,1,poly,1
3.934409000000000e-001,1.570260000000000e-001,0,1.146890000000000e-001,1,598583,1961Dix/Wil:191,1,poly,1
,,0,,,598754,,1,poly,1
,,0,,,598947,,1,poly,1
,,0,,,616126,,1,poly,1
,,0,,,616217,,1,poly,1
,,0,,,616422,,1,poly,1
,,0,,,616444,,1,poly,1
,,0,,,616455,,1,poly,1
,,0,,2,624646,,1,poly,1
,,0,,,624895,,1,poly,1
,,0,,1,624919,,1,poly,1
2.723160560000000e-001,9.394615900000000e-002,0,8.573771000000000e-002,2,624920,1992Mey:99,1,poly,1
,,0,,,625525,,1,poly,1
3.327285000000000e-001,7.365360000000000e-002,0,6.174100000000000e-002,1,625581,1974Riv/Wil:1376,1,poly,1
,,0,,,625605,,1,poly,1
7.799395673900000e-001,7.440347281850000e-002,0,7.059423756400000e-002,1,627190,NISThydrocarbon,1,poly,1
3.665137200000000e-001,8.677319000000000e-002,0,7.910155600000000e-002,,627203,NISThydrocarbon,1,poly,1
,,0,,1,627269,,1,poly,1
,,0,,2,627510,,1,poly,1
,,0,,,628284,,1,poly,1
,,0,,,628295,,1,poly,1
,,0,,,628320,,1,poly,1
,,0,,,628342,,1,poly,1
,,0,,,628411,,1,poly,1
,9.040684405743120e-002,0,,4,629209,2008Kum/Lob:9134,1,poly,1
,1.931280870000000e+000,0,,1,630080,1979HUB/HER,1,linear,1
,1.977047900000000e+000,1,1.977047900000000e+000,1,630080,NISTdiatomic,1,linear,1
,,0,,,630182,,1,poly,1
,,0,,,646048,,1,poly,1
2.610862990000000e-001,2.513225165000000e-001,0,1.432487300000000e-001,2,646060,2003Mel/Mil:227,1,poly,1
,,0,,1,674828,,1,poly,1
1.677540000000000e+000,1.582718900000000e-001,0,1.444228000000000e-001,0,689974,NISThydrocarbon,1,poly,1
,,0,,,693027,,1,poly,1
5.090855000000000e-001,1.021162446980000e-001,0,9.810560344383310e-002,,693867,NISThydrocarbon,1,poly,1
,,0,,,693890,,1,poly,1
,,0,,1,693958,,1,poly,1
,,0,,1,693981,,1,poly,1
,,0,,,694019,,1,poly,1
,,0,,,694053,,1,poly,1
,,0,,,760214,,1,poly,1
,,0,,,764352,,1,poly,1
,,0,,2,764421,,1,poly,1
5.427071000000000e-001,2.242551000000000e-001,0,1.933114000000000e-001,1,765300,1096Hen/Har:700,1,poly,1
,,0,,,765435,,1,poly,1
,,0,,,811938,,1,poly,1
,,0,,,821078,,1,poly,1
4.300602680000000e-001,4.078189918900000e-001,0,2.273662067900000e-001,2,822355,NISThydrocarbon,1,poly,1
,,0,,2,822388,,1,poly,1
,,0,,,822413,,1,poly,1
9.727180000000001e+000,5.903991000000000e-001,0,5.554422000000000e-001,2,865361,1994Clo/Hua:7300,1,poly,1
,8.950125000000000e-002,0,8.950125000000000e-002,,917920,NISThydrocarbon,1,poly,1
,,0,,,922623,,1,poly,1
,,0,,,922690,,1,poly,1
,,0,,,927731,,1,poly,1
3.139118660000000e-001,4.696455038900000e-002,0,4.235373059300000e-002,2,928494,2004Boh:6814,1,poly,1
,,0,,,930267,,1,poly,1
1.873870000000000e+000,3.664000000000000e-001,0,3.664000000000000e-001,3,992949,1996Moa/Ozi:54,1,poly,1
,,0,,,1003038,,1,poly,1
,,0,,,1003049,,1,poly,1
,,0,,,1003107,,1,poly,1
,1.517402382000000e-001,0,1.517402382000000e-001,1,1070719,1977Cre/Win:420,1,linear,1
,,0,,2,1071983,,1,linear,1
3.885675000000000e-001,1.622532000000000e-001,0,1.316487000000000e-001,1,1072431,1963But:2310,1,poly,1
,,0,,,1115157,,1,poly,1
3.459100000000000e-001,1.535890000000000e-001,0,1.155170000000000e-001,1,1120565,1991She/Dor:237,1,poly,1
2.288964000000000e-001,1.570336000000000e-001,0,9.851582000000000e-002,1,1120598,1982Dur/Lit:3849,1,poly,1
,,0,,,1120623,,1,poly,1
,,0,,,1120645,,1,poly,1
,,0,,,1190223,,1,poly,1
,,0,,1,1190767,,1,poly,1
,,0,,,1191088,,1,poly,1
3.597555480000000e-001,1.603339200000000e-001,0,1.186977830000000e-001,2,1191953,1968Sch/Lau:221,1,poly,1
,,0,,1,1191997,,1,poly,1
,1.584700000000000e+000,0,,1,1304569,2007Iri:389,1,linear,1
,4.445000000000000e-001,0,4.445000000000000e-001,1,1305788,1979HUB/HER,1,linear,1
,5.748414000000000e-001,0,,1,1309484,2007Iri:389,1,linear,1
,1.178911312000000e+000,0,,1,1310663,1994McN/Tac:313,1,linear,1
,4.267030000000000e-001,0,,1,1310732,JANAF,1,linear,1
,1.888678030000000e-001,0,,1,1314983,2009Zac/Ziu:213,1,lienar,1
,4.445400000000000e-001,0,4.445400000000000e-001,1,1317380,1979HUB/HER,1,linear,1
,6.085300000000000e+001,0,,2,1333740,1979HUB/HER,1,linear,1
1.020781370000000e+000,2.943197000000000e-001,0,2.278329000000000e-001,2,1396660,NISTtriatomic,1,poly,1
,,0,,,1487156,,1,poly,1
2.994388200000000e+000,3.703528792000000e-001,0,3.290076096000000e-001,1,1493023,1961Mil/Cur:1847,1,poly,1
,3.520500000000000e-001,0,3.520500000000000e-001,1,1495507,Gurvich,1,linear,1
,,0,,,1551219,,1,poly,1
3.933417164210000e-001,1.130189200000000e-001,0,8.913569800000000e-002,1,1574409,NISThydrocarbon,1,poly,1
5.224280858993460e-001,8.867437800000000e-002,0,7.692418332000001e-002,,1574410,NISThydrocarbon,1,poly,1
1.430000000000000e+000,1.720000000000000e-001,0,1.720000000000000e-001,6,1590870,1957Bet/Wil:1107,1,poly,1
,1.340143787000000e-001,0,1.340143787000000e-001,1,1603845,NISTtriatomic,1,linear,1
1.675578000000000e+000,1.238460000000000e-001,0,1.153240000000000e-001,2,1605727,2002Dem/Mar:3282,1,poly,1
,,0,,,1605738,,1,poly,1
1.331827700000000e-001,1.002630960000000e-001,0,6.386695024862830e-002,,1613510,1975Kit/Mal:179,1,poly,1
3.007503000000000e-001,1.556644000000000e-001,0,1.110558000000000e-001,1,1615754,1996Hin/Les:9729,1,poly,1
7.039306500000000e-001,1.978151830000000e-001,0,1.541823310000000e-001,2,1630779,1961Lau:291,1,poly,1
2.046503650000000e-001,1.735650300000000e-001,0,1.271078340400000e-001,,1630940,NISThydrocarbon,1,poly,1
,,0,,,1634044,,1,poly,1
,,0,,,1679078,,1,poly,1
,,0,,,1679089,,1,poly,1
,,0,,,1679090,,1,poly,1
2.208724677000000e-001,1.600580625680000e-001,0,9.624224769523000e-002,2,1708323,1981Dur/Li:1564,1,poly,1
3.967197860000000e-001,1.141876600000000e-001,0,9.578393060000000e-002,1,1738369,1974Kew:509,1,poly,1
,,0,,,1759815,,1,poly,1
1.752003710000000e+000,3.557838000000000e-001,0,3.127893897800000e-001,1,1761677,1964Sas/Cur:77,1,poly,1
,,0,,,1795091,,1,poly,1
,,0,,,1878188,,1,poly,1
1.801890000000000e+000,3.463200000000000e-001,0,2.902190000000000e-001,2,1981802,1992Hir/Yam:2963,1,poly,1
9.128648500000000e-001,7.207039211000001e-002,0,6.782065210000000e-002,,2004708,NISThydrocarbon,1,poly,1
,,0,,2,2025550,,1,poly,1
,,0,,1,2025561,,1,poly,1
6.544896002687300e+000,1.155545934380000e+000,0,9.790850909000000e-001,1,2053294,1977Pea/Lov:4149,1,poly,1
,1.899740000000000e+000,0,,1,2074875,1979HUB/HER,1,linear,1
,,0,,,2084186,,1,poly,1
,1.456825000000000e+000,0,,1,2122487,1984Say/Ves:2247,1,linear,1
,,0,,1,2143615,,1,poly,1
5.205900000000000e+000,9.316825000000000e-001,0,,3,2143682,1989Liu/Dam:2266,1,poly,1
,,0,,1,2154509,,1,poly,1
2.950500000000000e+000,4.197700000000000e-001,0,3.675300000000000e-001,2,2154598,1997Pou/Pau:5327,1,poly,1
,,0,,,2211678,,1,poly,1
,,0,,,2211703,,1,poly,1
9.577890000000000e+000,9.577890000000000e+000,0,4.742020000000000e+000,6,2229074,1981Yam/Hir:5256,1,poly,1
,,0,,,2231574,,1,poly,1
,3.636153000000000e-001,0,,3,2264213,1982End/Yam:3376,1,poly,1
,,0,,,2314489,,1,poly,1
,1.523250000000000e+000,0,,1,2314978,1980Cox/Dux:339,1,poly,1
,,0,,,2348552,,1,poly,1
,,0,,,2396012,,1,,1
7.305775000000000e+001,8.415172000000000e+000,0,7.219272000000000e+000,2,2465567,1982Sea/Bun:5348,1,poly,1
1.980540000000000e+001,1.124890000000000e+001,0,7.238600000000000e+000,2,2465567,1989Pet/Nes:6566,2,poly,1
,,0,,,2516349,,1,poly,1
9.106860000000000e-002,9.106860000000000e-002,0,9.106860000000000e-002,24,2551624,1984Pat/Her:31,1,poly,1
2.634993413000000e+001,3.594045317840000e-001,1,3.539239836380400e-001,1,2564865,1988Bog/Dem:465,1,poly,1
6.624000000000000e+000,1.014000000000000e+000,0,8.760000000000000e-001,1,2597435,2000Ari/Con:393,1,poly,1
2.236500000000000e+001,1.494400000000000e+000,0,1.400800000000000e+000,1,2597446,1966Herzberg,1,poly,1
,,0,,,2612466,,1,poly,1
7.909340000000000e+000,1.083026000000000e+000,0,9.486430000000000e-001,1,2669898,1990Kan/End:197,1,poly,1
2.909378000000000e+000,1.917646000000000e-001,0,1.799065000000000e-001,1,2696926,1983Caz/Esp:165,1,poly,1
1.712600000000000e-001,1.692183997000000e-001,0,1.686846970000000e-001,2,2699798,1957Lid/Man:734,1,poly,1
,3.237636000000000e-001,0,3.237636000000000e-001,1,2713099,1963Tyl/She:2661,1,linear,1
1.002727000000000e+000,7.280317000000000e-001,0,4.601794000000000e-001,2,2781853,1975Sti/Lau:1890,1,poly,1
,,0,,6,2809690,,1,poly,1
4.904140000000000e+000,1.319709800000000e-001,0,1.285126900000000e-001,4,2873509,1976Hellwege(II/7),1,poly,1
3.375559000000000e-001,1.428630000000000e-001,0,1.141140000000000e-001,1,2919235,1978Mac/Nor:815,1,poly,1
9.608470000000001e+000,3.176740000000000e-001,0,3.070980000000000e-001,2,2932787,1995Tan/Har:6450,1,poly,1
,8.200462000000000e-001,0,,1,2944050,1979HUB/HER,1,linear,1
,,0,,,3031730,,1,,1
,,0,,,3031752,,1,poly,1
6.854733817000001e-001,2.120494972558650e-001,0,1.726671522800000e-001,1,3100047,,1,poly,1
,,0,,1,3170692,,1,poly,1
,,0,,3,3170807,,1,poly,1
2.035652360000000e+001,1.118034000000000e+000,0,1.056319200000000e+000,1,3170830,1982Cha/Del:426,1,poly,1
,1.445988000000000e+001,0,,1,3315375,2007Iri:389,1,linear,1
,1.912087000000000e+001,-1,,1,3352576,1986Ros/Owr:5308,1,linear,1
,1.891080000000000e+001,0,,1,3352576,1979HUB/HER,1,linear,1
,1.679430000000000e+001,1,,1,3352576,Gurvich,1,linear,1
,,0,,,3710847,,1,poly,1
2.351471000000000e+000,3.960120000000000e-001,0,3.381020000000000e-001,2,3744078,1984Dav/Ham:445,1,poly,1
,1.416260000000000e+000,0,,1,3889756,2007Iri:389,1,linear,1
,6.971370000000000e-001,0,,1,3889767,2007Iri:389,1,linear,1
,,0,,,4028562,,1,poly,1
,,0,,1,4076362,,1,poly,1
4.714928490000000e-001,8.584542200000001e-002,0,7.447195400000001e-002,2,4109960,1976Wel/Ger:117,1,poly,1
,,0,,,4110503,,1,poly,1
,,0,,1,4164287,,1,poly,1
,,0,,1,4170303,,1,poly,1
,,0,,,4348350,,1,poly,1
,,0,,1,4418615,,1,poly,1
,,0,,,4426113,,1,poly,1
,,0,,,4426486,,1,poly,1
,,0,,,4628211,,1,poly,1
,,0,,,4630459,,1,poly,1
,,0,,,4740005,,1,poly,1
,1.918323775840000e-001,0,1.770414784700000e-001,2,4756052,1974Kro/Lan:265,1,poly,1
,,0,,,4806615,,1,poly,1
,,0,,,4894615,,1,poly,1
,,0,,2,5009278,,1,poly,1
,,0,,,5145993,,1,poly,1
3.606378249000000e-001,2.174131745000000e-001,0,1.739966053400000e-001,2,5164352,NISThydrocarbon,1,poly,1
,,0,,,5194503,,1,poly,1
,,0,,,5194514,,1,poly,1
,,0,,,5296628,,1,poly,1
,,0,,1,5500210,,1,poly,1
,,0,,1,5765446,,1,poly,1
1.298231000000000e+000,1.503489790000000e-001,0,1.379948991000000e-001,1,6004440,1966Bak/Chr:883,1,poly,1
,,0,,,6032297,,1,poly,1
,,0,,,6108618,,1,poly,1
6.476230299000000e-001,2.293974153000000e-001,0,1.816315739000000e-001,2,6142730,NISThydrocarbon,1,poly,1
,,0,,,6163640,,1,poly,1
5.244596000000000e-001,1.120777000000000e-001,0,1.064970000000000e-001,1,6746947,1983Har/Nan:3947,1,poly,1
9.152331644046900e+000,5.319689530014790e-001,0,5.022489258218760e-001,1,6806866,1982End/Sai:1347,1,poly,1
,6.662500000000000e-001,0,,1,6829523,1966Herzberg,1,linear,1
,,0,,1,6851930,,1,poly,1
,1.512100000000000e+000,0,,1,6914074,Gurvich,1,linear,1
,,0,,,6921353,,1,poly,1
5.680000000000000e+000,4.495813000000000e-001,0,,3,7175759,1989Hsu/Liu:6852,1,poly,1
,,0,,1,7285327,,1,poly,1
,,0,,,7318674,,1,poly,1
,,0,,,7319008,,1,poly,1
,,0,,,7429905,,1,atom,1
,,0,,,7439932,,1,atom,1
,,0,,,7439954,,1,atom,1
,,0,,,7440019,,1,,1
,,0,,,7440097,,1,,1
,,0,,,7440213,,1,atom,1
,,0,,,7440235,,1,atom,1
,,0,,,7440371,,1,,1
,,0,,,7440417,,1,atom,1
,,0,,,7440428,,1,atom,1
,,0,,,7440440,,1,atom,1
,,0,,,7440508,,1,,1
,,0,,,7440597,,1,,1
,,0,,,7440666,,1,,1
9.615445696000000e-001,2.894202495200000e-001,0,2.218818026000000e-001,2,7446084,NISTtriatomic,1,poly,1
2.027360000000000e+000,3.441700000000000e-001,0,2.935350000000000e-001,2,7446095,1966Herzberg,1,poly,1
3.485433480000000e-001,3.485433480000000e-001,0,1.739881300000000e-001,6,7446119,1991Mey/Sut:710,1,poly,1
,1.792600000000000e-001,0,,1,7446346,webbook,1,linear,1
,,0,,6,7446700,,1,poly,1
,1.286346569799000e-001,0,1.286346569799000e-001,1,7447407,NISTdiatomic,1,linear,1
,7.065225000000001e-001,0,,1,7447418,2007Iri:389,1,linear,1
,5.553990000000000e-001,0,5.553990000000000e-001,1,7550358,webbook,1,linear,1
,3.737000000000000e-002,0,3.737000000000000e-002,2,7553562,webbook,1,linear,1
,,0,,,7572294,,1,,1
,7.513731000000000e+000,0,,1,7580678,2007Iri:389,1,linear,1
1.857118100000000e-001,1.772993200000000e-001,0,1.746107969000000e-001,1,7601903,1994Cas/Mac:8339,1,poly,1
,,0,,,7611861,,1,poly,1
,,0,,,7611872,,1,poly,1
1.870868000000000e-001,1.754110000000000e-001,0,1.754110000000000e-001,3,7616946,1991Bur/Bur:65,1,poly,1
,,0,,2,7631869,,1,linear,1
,,0,,,7637072,,1,,1
,4.903270000000000e+000,0,,1,7646697,2007Iri:389,1,linear,1
,1.059341600000000e+001,0,,1,7647010,1979HUB/HER,1,linear,1
,9.956610000000000e+000,1,,1,7647010,webbook,1,linear,1
,2.180630000000000e-001,0,,1,7647145,2007Iri:389,1,linear,1
,1.512533000000000e-001,0,1.512533000000000e-001,1,7647156,webbook,1,linear,1
1.256442090000000e-001,1.045190400000000e-001,0,1.045190400000000e-001,6,7647190,"1991Sty/Bau:479, 1989Pri/Kre:204",1,poly,1
,2.095372560000000e+001,0,2.095372560000000e+001,1,7664393,1999LeR:189,1,linear,1
,1.711428977976000e+001,1,,1,7664393,1989Hov/Kei:599,1,linear,1
9.444300000000000e+000,9.444300000000000e+000,0,6.196000000000000e+000,3,7664417,1966Herzberg,1,poly,1
1.721390000000000e-001,1.676000000000000e-001,0,1.628130000000000e-001,2,7664939,1981Kuc/Sue:2561,1,poly,1
,4.369015000000000e-001,0,,1,7681494,2007Iri:389,1,linear,1
,3.412300000000000e+000,0,,1,7693267,webbook,1,linear,1
,,0,,2,7693278,,1,linear,1
4.340052000000000e-001,4.036102000000000e-001,0,2.088310000000000e-001,1,7697372,1960Mil/Mor:1523,1,poly,1
,5.448794000000000e+000,0,,1,7698057,1979HUB/HER,1,linear,1
,,0,,,7704349,,1,atom,1
1.696756563835910e-001,9.414947073151520e-002,0,6.538903383620140e-002,1,7719097,1994Mul/Ger:3473,1,poly,1
,8.729700000000000e-002,0,,3,7719122,1950Kis/Tow:1109,1,poly,1
1.035600000000000e+001,8.656000000000000e-001,0,8.270000000000000e-001,2,7722841,1962Red/Ols:1311,1,poly,1
,,0,,,7723140,,1,atom,1
,8.210700000000000e-002,0,,2,7726956,webbook,1,linear,1
,1.998241000000000e+000,0,,2,7727379,1979HUB/HER,1,linear,1
,1.931760000000000e+000,1,,2,7727379,webbook,1,linear,1
2.787700000000000e+001,1.451200000000000e+001,0,9.285000000000000e+000,2,7732185,1966Herzberg,1,poly,1
,8.122109000000000e-002,0,8.122109000000000e-002,1,7758023,webbook,1,linear,1
,1.782489000000000e-001,0,1.782489000000000e-001,1,7758896,NISTdiatomic,1,linear,1
,3.044360000000000e+001,0,,2,7782390,1979HUB/HER,1,linear,1
,8.892940000000000e-001,0,,2,7782414,2007Iri:389,1,linear,1
,1.437676600000000e+000,0,,2,7782447,1979HUB/HER,1,linear,1
,1.691300000000000e+000,1,,2,7782447,webbook,1,linear,1
,2.439900000000000e-001,0,,2,7782505,1979HUB/HER,1,linear,1
,2.695000000000000e-001,1,,1,7782505,webbook,1,linear,1
3.098545161000000e+000,4.177845410000000e-001,0,3.674855430000000e-001,1,7782776,1985Dee/Mil:962,1,poly,1
2.038063900000000e+001,4.014156000000000e-001,0,3.929878000000000e-001,1,7782798,Gurvich,1,poly,1
1.037400000000000e+001,8.991000000000000e+000,0,4.732000000000000e+000,2,7783064,1966Herzberg,1,poly,1
8.142295890000000e+000,7.757431640000000e+000,0,3.898528027000000e+000,2,7783075,NISTtriatomic,1,poly,1
1.960779300000000e+000,3.634658800000000e-001,0,3.057926200000000e-001,2,7783417,1972Kir:333,1,poly,1
2.873589300000000e-001,2.787578798900000e-001,0,1.652124283900000e-001,1,7783428,1972Luc/Smi:327,1,poly,1
,,0,,4,7783495,,1,linear,1
1.987970491238980e-001,1.987970491238980e-001,0,9.939852456194880e-002,6,7783519,,1,poly,1
3.562831000000000e-001,3.562831000000000e-001,0,1.949349000000000e-001,3,7783542,1996Nov/Che:219,1,poly,1
,2.608400000000000e-001,0,,3,7783553,1966Herzberg,1,poly,1
2.230783170000000e-001,1.363171010000000e-001,0,1.074051080000000e-001,2,7783600,2003Raf/Smi:1095,1,poly,1
1.377796000000000e-001,1.377796000000000e-001,0,1.377796000000000e-001,12,7783611,1983Tak/Kuz:2204,1,poly,1
,,0,,6,7784181,,1,poly,1
,,0,,3,7784216,,1,poly,1
,3.751544009800000e+000,0,,3,7784421,1955Ble/Jac:684,1,poly,1
,,0,,,7786303,,1,,1
,,0,,2,7787522,,1,linear,1
3.616251747000000e-001,1.360130947000000e-001,0,9.868793960000000e-002,2,7787715,1957Mag:223,1,poly,1
1.541996360000000e+001,7.272963040000000e+000,0,4.845296160000000e+000,2,7789200,1993Tot:41,1,poly,1
,,0,,2,7789211,,1,poly,1
,2.799374100000000e-001,0,2.799374100000000e-001,1,7789233,webbook,1,linear,1
,1.345257590000000e+000,0,1.345257590000000e+000,1,7789244,NISTdiatomic,1,linear,1
3.175250000000000e+000,3.950700000000000e-001,0,3.505200000000000e-001,1,7789255,1966Herzberg,1,poly,1
,,0,,1,7789266,,1,poly,1
1.033802000000000e-001,1.033802000000000e-001,0,,4,7789302,Gurvich,1,poly,1
,5.683250000000000e-002,0,,1,7789335,webbook,1,linear,1
,3.449553090000000e-002,0,,3,7789608,1971Kuc/Shi:2584,1,poly,1
,5.164805000000000e-001,0,,1,7790898,2007Iri:389,1,linear,1
4.585739110000000e-001,1.538304210000000e-001,0,1.150392520000000e-001,1,7790912,1953Smith:609,1,poly,1
2.046361600000000e+001,5.042418000000000e-001,0,4.911992000000000e-001,1,7790923,1994Jun/Laf:583,1,poly,1
,1.141587000000000e-001,0,,1,7790990,webbook,1,linear,1
1.398931000000000e+000,1.235765000000000e-001,0,1.135476000000000e-001,2,7791211,1995Sug/Aya:259,1,poly,1
1.162777750000000e-001,7.819776439999999e-002,0,6.439021224476001e-002,2,7791255,1992Mer/Dre:1153,1,poly,1
6.370312000000000e+000,8.412380000000000e-001,0,8.391050000000000e-001,0,7803498,Gurvich,1,,1
4.452360000000000e+000,4.452360000000000e+000,0,3.930000000000000e+000,3,7803512,1966Herzberg,1,poly,1
2.865085088000000e+000,2.865085088000000e+000,0,2.865085088000000e+000,12,7803625,1955Boyd:922,1,poly,1
,7.211000000000000e+000,1,,2,9000184,webbook,1,linear,1
,1.516786656000000e-001,0,,1,9000388,2008Tan/Hon:369,1,linear,1
,4.190110000000000e-001,0,,1,10024972,1966Herzberg,1,linear,1
1.845670000000000e-001,4.649350000000000e-002,0,4.111750000000000e-002,2,10025679,1979Mar/Bro:399,1,poly,1
8.247370000000000e-002,8.247370000000000e-002,0,5.003460000000000e-002,3,10025782,1986Smi:110,1,poly,1
6.723795000000001e-002,6.545612000000001e-002,0,4.831349000000000e-002,3,10025873,1983Car/Cra:306,1,poly,1
,,0,,12,10026047,,1,poly,1
,,0,,6,10026138,,1,poly,1
3.553480000000000e+000,4.452500000000000e-001,0,3.947900000000000e-001,2,10028156,1966Herzberg,1,poly,1
,6.426365000000000e+000,0,6.426365000000000e+000,1,10034852,webbook,1,linear,1
,8.464880000000001e+000,0,,1,10035106,webbook,1,linear,1
,8.071999999999999e+000,1,,1,10035106,webbook,1,linear,1
,1.666000000000000e+000,0,1.666000000000000e+000,1,10043115,Webbook,1,linear,1
1.737100000000000e+000,3.319700000000000e-001,0,2.779900000000000e-001,2,10049044,1966Herzberg,1,poly,1
,7.267521353000001e-001,0,7.267521353000001e-001,1,10097286,NISTdiatomic,1,linear,1
,7.178000000000000e-001,1,,1,10097286,webbook,1,linear,1
,,0,,,10097322,,1,,1
,1.427000000000000e+000,-1,1.427000000000000e+000,1,10102439,webbook,1,linear,1
,1.671950000000000e+000,0,,1,10102439,1979HUB/HER,1,linear,1
,1.987946340000000e+000,1,,1,10102439,NISTdiatomic,1,linear,1
8.001200000000001e+000,4.336400000000000e-001,0,4.104000000000000e-001,2,10102440,1966Herzberg,1,poly,1
,,0,,6,10294345,,1,poly,1
,,0,,2,10325390,,1,poly,1
2.176866651707630e-002,2.176866651707630e-002,0,1.185941443512980e-002,8,10544500,webbook,1,poly,1
2.179168000000000e-001,1.223325000000000e-001,0,7.834190000000001e-002,4,10544726,1994Dom/And:6993,1,poly,1
4.154310000000000e-001,1.409840000000000e-001,0,1.051717000000000e-001,1,10544737,1988Che/Smi:843,1,poly,1
4.874472000000000e-001,9.742940231000000e-002,0,8.107909105000000e-002,2,10545990,1972Mur/Wil:575,1,poly,1
,5.812100000000000e-001,0,,1,11128248,1979HUB/HER,1,linear,1
,1.320410000000000e+000,0,,1,12011540,1990Fer/Obr:8482,1,linear,1
,2.650000000000000e-001,0,,1,12030830,webbook,1,linear,1
,2.679700000000000e-001,0,,1,12032369,1979HUB/HER,1,linear,1
4.585485000000000e-001,4.585485000000000e-001,0,2.292742500000000e-001,6,12033497,1998Kaw/Ish:193,1,poly,1
,7.696020000000000e-001,0,,1,12033566,1979HUB/HER,1,linear,1
,7.311000000000000e-001,0,,1,12033602,1979HUB/HER,1,linear,1
,9.050000000000000e-002,0,,1,12056290,webbook,1,linear,1
,4.655000000000000e-001,0,4.655000000000000e-001,2,12057248,2001Bel/Bre:2871,1,poly,1
,1.058708000000000e+000,0,,1,12061700,2007Iri:389,1,linear,1
,1.820053000000000e+000,0,,2,12070154,2007Iri:389,1,linear,1
,4.305723000000000e-001,0,,2,12075353,1998Ord/Say:2313,1,linear,1
,5.015753260000000e-001,0,,1,12141116,1999App/And:10919,1,linear,1
,1.212829000000000e+000,0,,1,12142777,2007Iri:389,1,linear,1
3.485976988787360e+000,2.868077555173190e-001,0,2.642299560451250e-001,2,12164975,1985Kaw/Sai:4893,1,poly,1
,,0,,1,12177672,,1,linear,1
,5.849000000000000e-001,1,,2,12185056,2002Car/Gam:3662,1,linear,1
,3.036200000000000e-001,0,,2,12185090,1979HUB/HER,1,linear,1
,2.760000000000000e-001,1,,1,12185090,webbook,1,linear,1
1.110800000000000e-001,1.110800000000000e-001,0,1.110800000000000e-001,12,12185103,Gurvich,1,poly,1
,8.992000000000000e-002,0,8.992000000000000e-002,2,12185170,1979HUB/HER,1,linear,1
,1.087430000000000e-001,0,,2,12190704,webbook,1,linear,1
,6.498405600000000e-001,0,,1,12190759,NISTdiatomic,1,linear,1
,7.947800000000000e-001,0,,1,12228396,2007Iri:389,1,linear,1
,2.799000000000000e-001,0,,1,12251900,1979HUB/HER,1,linear,1
,1.027264565100000e+001,1,,1,12254681,NISTdiatomic,1,linear,1
,1.925000000000000e-001,0,,1,12255333,webbook,1,linear,1
,,0,,4,12258989,,1,poly,1
,2.963200000000000e-001,0,,1,12281366,1979HUB/HER,1,linear,1
4.372847264890170e-001,8.038191541100000e-002,0,7.137199562200000e-002,2,12292238,1989Bir/Fri:6588,1,poly,1
,7.988678000000000e-001,0,,1,12326851,2007Iri:389,1,linear,1
,3.758000000000000e-001,0,3.758000000000000e-001,1,12333492,1988Fel/Ver:1115,1,linear,1
,,0,,,12385136,,1,atom,1
,4.246300000000000e-001,0,,1,12401864,,1,linear,1
,3.035278800000000e-001,0,,1,12504415,1979HUB/HER,1,linear,1
,1.781110000000000e+000,0,,1,12505770,2007Iri:389,1,linear,1
,4.611300000000000e-002,0,,0,12595856,webbook,1,linear,1
,4.314495000000000e-001,0,,2,12596600,1988Bra/Ber:1762,1,linear,1
,2.390000000000000e-001,0,,2,12597352,1979HUB/HER,1,linear,1
,7.199800000000000e+000,0,,1,12628089,1968Dix/Lam:12,1,linear,1
,4.705832526000000e-001,0,4.705832526000000e-001,1,12640890,NISTdiatomic,1,linear,1
7.874110000000000e+000,7.874110000000000e+000,0,3.878800000000000e+000,6,13283313,1992Kaw:3411,1,poly,1
4.433112000000000e-001,1.726366000000000e-001,0,1.240698500000000e-001,2,13444901,1994Orp/Mor:315,1,poly,1
,,0,,2,13445506,,1,poly,1
1.555000000000000e+001,1.221000000000000e+000,0,1.126000000000000e+000,1,13453526,1966Herzberg,1,poly,1
4.898660000000000e+000,2.325084000000000e-001,0,2.324170000000000e-001,2,13465071,1991Beh/Mit:99,1,poly,1
2.844700000000000e+000,2.226140000000000e-001,0,2.226140000000000e-001,3,13465786,1984Bur/Sch:349,1,poly,1
,1.532480000000000e-001,0,,3,13478201,1952Wil/She:164,1,poly,1
,3.794029400000000e-001,0,3.794029400000000e-001,1,13478416,NISTdiatomic,1,linera,1
,,0,,2,13497966,,1,poly,1
,7.944100000000000e+000,0,,1,13517005,webbook,1,linear,1
2.047007300000000e+001,3.527974976600000e-001,0,3.463415107000000e-001,1,13517118,1989Kog/Tak:467,1,poly,1
5.491678800000000e+000,4.512610860000000e+000,0,2.444178310000000e+000,2,13536942,1985Cam/Fla:300,1,poly,1
,4.779270000000000e-001,0,,3,13537332,1950Sha/Tho:64,1,poly,1
5.142800000000000e+000,5.142800000000000e+000,0,3.114200000000000e+000,3,13550497,1987Ash/Dix:201,1,poly,1
4.930438240000000e-001,9.414553820000000e-002,0,7.893734970000001e-002,2,13569329,1989Tan/Tak:2102,1,poly,1
,6.137000000000000e+000,0,,1,13572924,webbook,1,linear,1
,6.725900000000000e+000,0,,1,13572991,webbook,1,linear,1
,1.002090000000000e+001,0,,1,13587547,1979HUB/HER,1,linear,1
,2.439301000000000e-001,0,,1,13595818,2007Iri:389,1,linear,1
,5.524798000000000e-001,0,,1,13595829,1979HUB/HER,1,linear,1
,1.488930000000000e+000,0,,1,13597961,1979HUB/HER,1,linear,1
,1.031992000000000e+001,0,,1,13597972,2007Iri:389,1,linear,1
,7.905900000000000e-001,0,,1,13598226,1979HUB/HER,1,linear,1
,,0,,4,13701672,,1,poly,1
2.484874700000000e+000,3.501362070000000e-001,0,3.062656400000000e-001,2,13709836,1984Wes/Lew:227,1,poly,1
9.119999999999999e+000,8.087000000000000e+000,0,4.225000000000000e+000,2,13765430,1966Herzberg,1,poly,1
,4.763150000000000e+000,0,,3,13765441,1986Yam/Hir:923,1,poly,1
5.214510000000000e+000,5.214510000000000e+000,1,2.585200000000000e+000,6,13765441,1994Dav/Smi:6166,1,poly,1
,1.202575000000000e+001,0,,1,13766262,2007Iri:389,1,linear,1
,1.237400000000000e+001,1,,1,13766262,webbook,1,linear,1
,,0,,2,13766284,,1,linear,1
,1.516743990000000e+000,0,,1,13768600,1995Zha/Guo:82,1,linear,1
1.105232000000000e+001,4.769740000000000e-001,0,4.561880000000000e-001,1,13770224,1987Dee:481,1,poly,1
2.372000000000000e+001,1.294000000000000e+001,0,8.160000000000000e+000,2,13770406,1966Herzberg,1,poly,1
,1.789944000000000e+004,0,,3,13774817,2008Dem/Lie:4477,1,poly,1
,1.666792000000000e+001,0,,1,13774920,2007Iri:389,1,linear,1
,1.677000000000000e+001,0,,1,13774920,Gurvich,2,linear,1
,1.535000000000000e+001,1,,1,13774920,webbook,1,linear,1
,7.503898000000000e+000,0,,1,13774942,2007Iri:389,1,linear,1
,7.660300000000000e+000,1,,1,13774942,webbook,1,linear,1
,,0,,2,13776620,,1,poly,1
,4.900300000000000e+000,0,,1,13780239,1979HUB/HER,1,linear,1
,6.086183795000000e-002,0,,4,13780579,1974Hel/Hel(II/6),1,poly,1
6.566823000000001e-001,2.650754000000000e-001,0,1.885097000000000e-001,2,13812436,1963Kuc/Wil:1030,1,poly,1
8.989719710000000e-001,3.072808230000000e-001,0,2.283537940000000e-001,2,13814250,NISTtriatomic,1,poly,1
,7.285000000000000e-001,0,,1,13814501,1979HUB/HER,1,linear,1
,,0,,2,13814658,,1,poly,1
8.855000000000000e+000,7.024000000000000e-001,0,6.488000000000000e-001,1,13817066,1966Herzberg,1,poly,1
8.098978000000001e+000,7.023630000000000e+000,0,3.702571000000000e+000,2,13825906,1999Hir/Ish:4254,1,poly,1
,3.385000000000000e-001,0,,1,13827264,webbook,1,linear,1
,7.208221000000000e-001,0,,1,13827322,2007Iri:389,1,linear,1
,7.026000000000000e-001,0,,1,13827322,webbook,2,linear,1
,7.754820000000000e-001,1,,1,13827322,1987Mil/Cho:1679,1,linear,1
,3.292000000000000e-001,0,,1,13840885,1966Herzberg,1,linear,1
,,0,,3,13847659,,1,poly,1
,1.524731319000000e-001,0,1.524731319000000e-001,1,13863417,NISTdiatomic,1,linear,1
,3.558494100000000e-001,0,,1,13863597,NISTdiatomic,1,linear,1
,2.797100000000000e-001,0,,1,13873842,webbook,1,linear,1
,9.600247000000000e+000,0,,1,13940211,1995Ram/Ber:34,1,linear,1
,9.134000000000000e+000,1,,1,13940211,webbook,1,linear,1
,7.780000000000000e+000,0,7.780000000000000e+000,1,13940222,1979HUB/HER,1,linear,1
5.179029553000000e-001,2.618091212900000e-001,0,1.734086319100000e-001,2,13940631,NISTTriatomic,1,poly,1
,,0,,,13952846,,1,poly,1
,,0,,4,13965736,,1,poly,1
,2.561000000000000e-001,0,,1,13966579,1979HUB/HER,1,linear,1
,3.595161000000000e-001,0,,1,13966784,NISTDiatomic,1,linear,1
,1.205680000000000e+000,0,,1,13967061,1979HUB/HER,1,linear,1
,8.539040000000000e+000,0,,1,13967141,2007Iri:389,1,linear,1
,8.385100000000000e+000,1,,1,13967141,webbook,1,linear,1
,6.393784000000000e+000,0,,1,13967221,2007Iri:389,1,linear,1
,6.763000000000000e+000,1,,1,13967221,webbook,1,linear,1
,6.679400000000000e+000,0,,1,13981878,webbook,1,linear,1
,4.565500000000000e+001,0,,1,13983205,1979HUB/HER,1,linear,1
,3.548227000000000e+000,0,,2,14018827,2004Sha/App:14356,1,linear,1
1.964720000000000e+001,9.003600000000001e-001,0,8.609200000000000e-001,1,14034798,1988Hal/Ha:4885,1,poly,1
1.847900000000000e+001,1.411500000000000e+000,0,1.307100000000000e+000,1,14332286,1966Herzberg,1,poly,1
,5.825523000000000e+000,0,,1,14332537,2007Iri:389,1,linear,1
,6.387000000000000e+000,1,,1,14332537,webbook,1,linear,1
,1.101020000000000e+001,0,,1,14333267,1979HUB/HER,1,linear,1
,6.726400000000000e-001,0,,2,14452596,1979HUB/HER,1,linear,1
,6.086000000000000e-001,0,,2,14452609,1999Mar:399,1,linear,1
,1.212000000000000e+000,0,1.212000000000000e+000,2,14452610,Gurvich,1,linear,1
4.164000000000000e+001,7.248000000000000e+000,0,6.008000000000000e+000,2,14452643,1966Herzberg,1,poly,1
,7.337000000000000e-001,0,,1,14452665,1979HUB/HER,1,linear,1
,4.276600000000000e+000,0,,1,14452756,webbook,1,linear,1
,6.413856000000000e-001,0,,1,14457648,2007Iri:389,1,linear,1
1.360000000000000e+001,4.410000000000000e+000,0,3.330000000000000e+000,2,14457659,1966Herzberg,1,poly,1
,6.365405630000000e-001,0,,1,14457853,1973Pea/McC:1619,1,linear,1
4.038383780000000e-001,9.263161650000000e-002,0,7.532257532000000e-002,1,14545723,1977Sue/Joh:239,1,poly,1
,,0,,,14596920,,1,poly,1
1.706146990500000e+000,3.565133049000000e-001,0,3.120492110000000e-001,2,14699991,2005Sum/Sum:14998,1,poly,1
,,0,,,14762948,,1,atom,1
,3.657800000000000e-001,0,,1,14929465,webbook,1,linear,1
2.341398000000000e+001,9.103107500000000e+000,0,6.406545000000000e+000,1,14940637,1993Tot:20,1,poly,1
,5.192200000000000e-001,0,,1,14953287,1979HUB/HER,1,linear,1
,2.450200000000000e-001,0,,1,14989298,1979HUB/HER,1,linear,1
,6.234580000000000e-001,0,,1,14989301,2007Iri:389,1,linear,1
,2.579070000000000e-001,0,,1,14989323,1986Yam/But:108,1,linear,1
1.334236000000000e+001,6.487761000000000e+000,0,4.289970000000000e+000,2,15117847,1997Mor/Ken:428,1,poly,1
,3.648000000000000e-001,0,,1,15120135,webbook,1,linear,1
2.619000000000000e+000,3.340080000000000e-001,0,2.953650000000000e-001,1,15499237,1984Yam/Hir:4694,1,poly,1
,1.522301838500000e-001,0,,1,15606710,NISTDiatomics,1,linear,1
1.000021000000000e+001,1.304190000000000e+000,0,1.149860000000000e+000,2,15626434,1974Car/Joh:340,1,poly,1
,4.296066047100000e-001,0,,1,15656196,NISTdiatomic,1,linear,1
,,0,,,15892236,,1,poly,1
,5.665000000000000e-001,0,,1,16027922,1979HUB/HER,1,linear,1
,6.360000000000000e-001,1,,1,16027922,webbook,1,linear,1
,5.521740000000001e-001,0,,1,16068965,1979HUB/HER,1,linear,1
,,0,,,16529661,,1,poly,1
,,0,,2,16668670,,1,poly,1
,,0,,2,16668681,,1,poly,1
,5.750000000000000e-001,0,,1,16674183,webbook,1,linear,1
,,0,,1,16681779,,1,poly,1
,,0,,1,16681780,,1,poly,1
,,0,,,16873179,,1,atom,1
,,0,,1,16955354,,1,poly,1
,1.499045000000000e-001,0,,1,17108859,webbook,1,linear,1
,2.521192900000000e-001,0,,1,17167554,1985Min/Sai:4939,1,linear,1
,,0,,,17376099,,1,,1
,7.864844000000000e-001,0,,1,17739478,2007Iri:389,1,linear,1
,,0,,,17778802,,1,atom,1
,,0,,,17778880,,1,atom,1
,,0,,,18936179,,1,poly,1
2.655690000000000e+000,6.064630000000000e-001,0,5.572790000000000e-001,4,19287457,Gurvich,1,poly,1
,4.894000000000000e-001,0,,1,19961296,webbook,1,linear,1
,,0,,,20237347,,1,poly,1
,6.842822000000000e-001,0,,1,20583555,2007Iri:389,1,linear,1
,1.308380000000000e+000,0,,1,20611590,1989Kaw/End:116,1,linear,1
,4.856962000000000e-001,0,,1,20619163,webbook,1,linear,1
,,0,,1,20768687,,1,poly,1
1.398110000000000e+000,1.687500000000000e-001,0,1.503400000000000e-001,1,20901217,1966Herzberg,1,poly,1
,3.895161365266900e-001,0,,1,22400266,NISTtriatomic,1,linear,1
,,0,,,22537151,,1,atom,1
,2.954700000000000e-001,0,,2,23550450,1979HUB/HER,1,linear,1
,1.017900000000000e-001,0,,2,23878468,webbook,1,linear,1
,5.730000000000000e-001,0,5.730000000000000e-001,1,24304005,1979HUB/HER,1,linear,1
,1.547070000000000e-001,0,,2,25681792,1979HUB/HER,1,linear,1
,1.170000000000000e-001,1,,1,25681792,webbook,1,linear,1
,5.674300000000000e-002,0,,2,25681805,webbook,1,linear,1
,,0,,,25899507,,1,poly,1
,,0,,,26294984,,1,poly,1
4.000934439785000e-001,1.556158060520660e-001,0,1.133180208289300e-001,1,26404660,1986Sue/Lov:406,1,poly,1
,5.455100000000001e-001,0,,1,26754983,webbook,1,linear,1
,9.286999999999999e-002,0,,2,29904798,1979HUB/HER,1,linear,1
,,0,,1,30664121,,1,poly,1
,,0,,,30830207,,1,poly,1
,,0,,1,30842901,,1,poly,1
,1.712700000000000e-001,0,,2,32752946,1990Fu/Lem:8420,1,linear,1
,7.117304431988000e-001,1,,1,36058283,1995Tan/Sai:L93,1,linear,1
,,0,,2,37765154,,1,poly,1
6.110828000000000e-001,9.431690000000000e-002,0,8.158749999999999e-002,1,39594917,1994Fuj/Hir:1043,1,poly,1
4.146000000000000e+001,3.634777220000000e-001,0,3.591306400000000e-001,1,51095159,1987End/Hir:4319,1,poly,1
,1.236067000000000e+000,1,,1,54980119,1984Alt/Cro:3911,1,linear,1
8.615869415900000e-001,1.872814192000000e-001,0,1.536291516700000e-001,2,57932566,1983Kuc:80,1,poly,1
,,0,,,59660649,,1,poly,1
,,0,,,59660650,,1,poly,1
4.619969459000000e+000,5.476490300000000e-001,0,4.886408400000000e-001,1,61183537,1981Kro/Nix:367,1,poly,1
,,0,,,62957602,,1,poly,1
